1681922033300,586,HTTP Request,200,OK,Get Instalments 1-1,text,true,,7079,770,3,3,https://apipicashdev.picapdb.co/api/v1/instalments?credit_id=643f047d39098c0001c98c2b,222,0,120
1681922033300,222,HTTP Request-0,307,Temporary Redirect,Get Instalments 1-1,,true,,188,385,3,3,http://apipicashdev.picapdb.co/api/v1/instalments?credit_id=643f047d39098c0001c98c2b,222,0,120
1681922033522,364,HTTP Request-1,200,OK,Get Instalments 1-1,text,true,,6891,385,3,3,https://apipicashdev.picapdb.co/api/v1/instalments?credit_id=643f047d39098c0001c98c2b,364,0,220
1681922033500,558,HTTP Request,200,OK,Get Instalments 1-2,text,true,,7079,770,3,3,https://apipicashdev.picapdb.co/api/v1/instalments?credit_id=643f047d39098c0001c98c2b,208,0,104
1681922033500,208,HTTP Request-0,307,Temporary Redirect,Get Instalments 1-2,,true,,188,385,3,3,http://apipicashdev.picapdb.co/api/v1/instalments?credit_id=643f047d39098c0001c98c2b,208,0,104
1681922033708,350,HTTP Request-1,200,OK,Get Instalments 1-2,text,true,,6891,385,3,3,https://apipicashdev.picapdb.co/api/v1/instalments?credit_id=643f047d39098c0001c98c2b,350,0,212
1681922033700,555,HTTP Request,200,OK,Get Instalments 1-3,text,true,,7079,770,3,3,https://apipicashdev.picapdb.co/api/v1/instalments?credit_id=643f047d39098c0001c98c2b,201,0,101
1681922033700,201,HTTP Request-0,307,Temporary Redirect,Get Instalments 1-3,,true,,188,385,3,3,http://apipicashdev.picapdb.co/api/v1/instalments?credit_id=643f047d39098c0001c98c2b,201,0,101
1681922033901,354,HTTP Request-1,200,OK,Get Instalments 1-3,text,true,,6891,385,3,3,https://apipicashdev.picapdb.co/api/v1/instalments?credit_id=643f047d39098c0001c98c2b,354,0,215
1681922033900,550,HTTP Request,200,OK,Get Instalments 1-4,text,true,,7079,770,3,3,https://apipicashdev.picapdb.co/api/v1/instalments?credit_id=643f047d39098c0001c98c2b,202,0,102
1681922033900,202,HTTP Request-0,307,Temporary Redirect,Get Instalments 1-4,,true,,188,385,3,3,http://apipicashdev.picapdb.co/api/v1/instalments?credit_id=643f047d39098c0001c98c2b,202,0,102
1681922034102,348,HTTP Request-1,200,OK,Get Instalments 1-4,text,true,,6891,385,3,3,https://apipicashdev.picapdb.co/api/v1/instalments?credit_id=643f047d39098c0001c98c2b,348,0,211
1681922034100,561,HTTP Request,200,OK,Get Instalments 1-5,text,true,,7079,770,3,3,https://apipicashdev.picapdb.co/api/v1/instalments?credit_id=643f047d39098c0001c98c2b,200,0,99
1681922034100,200,HTTP Request-0,307,Temporary Redirect,Get Instalments 1-5,,true,,188,385,3,3,http://apipicashdev.picapdb.co/api/v1/instalments?credit_id=643f047d39098c0001c98c2b,200,0,99
1681922034301,360,HTTP Request-1,200,OK,Get Instalments 1-5,text,true,,6891,385,3,3,https://apipicashdev.picapdb.co/api/v1/instalments?credit_id=643f047d39098c0001c98c2b,360,0,221
1681922034301,571,HTTP Request,200,OK,Get Instalments 1-6,text,true,,7079,770,3,3,https://apipicashdev.picapdb.co/api/v1/instalments?credit_id=643f047d39098c0001c98c2b,216,0,100
1681922034301,216,HTTP Request-0,307,Temporary Redirect,Get Instalments 1-6,,true,,188,385,3,3,http://apipicashdev.picapdb.co/api/v1/instalments?credit_id=643f047d39098c0001c98c2b,216,0,100
1681922034518,354,HTTP Request-1,200,OK,Get Instalments 1-6,text,true,,6891,385,3,3,https://apipicashdev.picapdb.co/api/v1/instalments?credit_id=643f047d39098c0001c98c2b,354,0,211
1681922034500,552,HTTP Request,200,OK,Get Instalments 1-7,text,true,,7079,770,3,3,https://apipicashdev.picapdb.co/api/v1/instalments?credit_id=643f047d39098c0001c98c2b,197,0,98
1681922034500,197,HTTP Request-0,307,Temporary Redirect,Get Instalments 1-7,,true,,188,385,3,3,http://apipicashdev.picapdb.co/api/v1/instalments?credit_id=643f047d39098c0001c98c2b,197,0,98
1681922034698,354,HTTP Request-1,200,OK,Get Instalments 1-7,text,true,,6891,385,3,3,https://apipicashdev.picapdb.co/api/v1/instalments?credit_id=643f047d39098c0001c98c2b,354,0,216
1681922034701,560,HTTP Request,200,OK,Get Instalments 1-8,text,true,,7079,770,3,3,https://apipicashdev.picapdb.co/api/v1/instalments?credit_id=643f047d39098c0001c98c2b,199,0,99
1681922034701,199,HTTP Request-0,307,Temporary Redirect,Get Instalments 1-8,,true,,188,385,3,3,http://apipicashdev.picapdb.co/api/v1/instalments?credit_id=643f047d39098c0001c98c2b,199,0,99
1681922034901,360,HTTP Request-1,200,OK,Get Instalments 1-8,text,true,,6891,385,3,3,https://apipicashdev.picapdb.co/api/v1/instalments?credit_id=643f047d39098c0001c98c2b,360,0,219
1681922034900,560,HTTP Request,200,OK,Get Instalments 1-9,text,true,,7079,770,3,3,https://apipicashdev.picapdb.co/api/v1/instalments?credit_id=643f047d39098c0001c98c2b,209,0,103
1681922034900,209,HTTP Request-0,307,Temporary Redirect,Get Instalments 1-9,,true,,188,385,3,3,http://apipicashdev.picapdb.co/api/v1/instalments?credit_id=643f047d39098c0001c98c2b,209,0,103
1681922035109,351,HTTP Request-1,200,OK,Get Instalments 1-9,text,true,,6891,385,3,3,https://apipicashdev.picapdb.co/api/v1/instalments?credit_id=643f047d39098c0001c98c2b,351,0,209
1681922035100,549,HTTP Request,200,OK,Get Instalments 1-10,text,true,,7079,770,3,3,https://apipicashdev.picapdb.co/api/v1/instalments?credit_id=643f047d39098c0001c98c2b,201,0,100
1681922035100,201,HTTP Request-0,307,Temporary Redirect,Get Instalments 1-10,,true,,188,385,3,3,http://apipicashdev.picapdb.co/api/v1/instalments?credit_id=643f047d39098c0001c98c2b,201,0,100
1681922035301,348,HTTP Request-1,200,OK,Get Instalments 1-10,text,true,,6891,385,3,3,https://apipicashdev.picapdb.co/api/v1/instalments?credit_id=643f047d39098c0001c98c2b,348,0,208
1681922035300,556,HTTP Request,200,OK,Get Instalments 1-11,text,true,,7079,770,3,3,https://apipicashdev.picapdb.co/api/v1/instalments?credit_id=643f047d39098c0001c98c2b,203,0,100
1681922035300,203,HTTP Request-0,307,Temporary Redirect,Get Instalments 1-11,,true,,188,385,3,3,http://apipicashdev.picapdb.co/api/v1/instalments?credit_id=643f047d39098c0001c98c2b,203,0,100
1681922035503,353,HTTP Request-1,200,OK,Get Instalments 1-11,text,true,,6891,385,3,3,https://apipicashdev.picapdb.co/api/v1/instalments?credit_id=643f047d39098c0001c98c2b,353,0,213
1681922035500,552,HTTP Request,200,OK,Get Instalments 1-12,text,true,,7079,770,3,3,https://apipicashdev.picapdb.co/api/v1/instalments?credit_id=643f047d39098c0001c98c2b,201,0,101
1681922035500,201,HTTP Request-0,307,Temporary Redirect,Get Instalments 1-12,,true,,188,385,3,3,http://apipicashdev.picapdb.co/api/v1/instalments?credit_id=643f047d39098c0001c98c2b,201,0,101
1681922035702,350,HTTP Request-1,200,OK,Get Instalments 1-12,text,true,,6891,385,3,3,https://apipicashdev.picapdb.co/api/v1/instalments?credit_id=643f047d39098c0001c98c2b,350,0,211
1681922035701,557,HTTP Request,200,OK,Get Instalments 1-13,text,true,,7079,770,3,3,https://apipicashdev.picapdb.co/api/v1/instalments?credit_id=643f047d39098c0001c98c2b,200,0,100
1681922035701,200,HTTP Request-0,307,Temporary Redirect,Get Instalments 1-13,,true,,188,385,3,3,http://apipicashdev.picapdb.co/api/v1/instalments?credit_id=643f047d39098c0001c98c2b,200,0,100
1681922035902,356,HTTP Request-1,200,OK,Get Instalments 1-13,text,true,,6891,385,3,3,https://apipicashdev.picapdb.co/api/v1/instalments?credit_id=643f047d39098c0001c98c2b,356,0,218
1681922035901,550,HTTP Request,200,OK,Get Instalments 1-14,text,true,,7079,770,3,3,https://apipicashdev.picapdb.co/api/v1/instalments?credit_id=643f047d39098c0001c98c2b,199,0,99
1681922035901,199,HTTP Request-0,307,Temporary Redirect,Get Instalments 1-14,,true,,188,385,3,3,http://apipicashdev.picapdb.co/api/v1/instalments?credit_id=643f047d39098c0001c98c2b,199,0,99
1681922036101,350,HTTP Request-1,200,OK,Get Instalments 1-14,text,true,,6891,385,3,3,https://apipicashdev.picapdb.co/api/v1/instalments?credit_id=643f047d39098c0001c98c2b,350,0,212
1681922036101,551,HTTP Request,200,OK,Get Instalments 1-15,text,true,,7079,770,3,3,https://apipicashdev.picapdb.co/api/v1/instalments?credit_id=643f047d39098c0001c98c2b,199,0,100
1681922036101,199,HTTP Request-0,307,Temporary Redirect,Get Instalments 1-15,,true,,188,385,3,3,http://apipicashdev.picapdb.co/api/v1/instalments?credit_id=643f047d39098c0001c98c2b,199,0,100
1681922036301,351,HTTP Request-1,200,OK,Get Instalments 1-15,text,true,,6891,385,3,3,https://apipicashdev.picapdb.co/api/v1/instalments?credit_id=643f047d39098c0001c98c2b,351,0,212
1681922036301,557,HTTP Request,200,OK,Get Instalments 1-16,text,true,,7079,770,3,3,https://apipicashdev.picapdb.co/api/v1/instalments?credit_id=643f047d39098c0001c98c2b,207,0,100
1681922036301,207,HTTP Request-0,307,Temporary Redirect,Get Instalments 1-16,,true,,188,385,3,3,http://apipicashdev.picapdb.co/api/v1/instalments?credit_id=643f047d39098c0001c98c2b,207,0,100
1681922036509,349,HTTP Request-1,200,OK,Get Instalments 1-16,text,true,,6891,385,3,3,https://apipicashdev.picapdb.co/api/v1/instalments?credit_id=643f047d39098c0001c98c2b,349,0,212
1681922036500,555,HTTP Request,200,OK,Get Instalments 1-17,text,true,,7079,770,3,3,https://apipicashdev.picapdb.co/api/v1/instalments?credit_id=643f047d39098c0001c98c2b,202,0,100
1681922036500,202,HTTP Request-0,307,Temporary Redirect,Get Instalments 1-17,,true,,188,385,3,3,http://apipicashdev.picapdb.co/api/v1/instalments?credit_id=643f047d39098c0001c98c2b,202,0,100
1681922036702,353,HTTP Request-1,200,OK,Get Instalments 1-17,text,true,,6891,385,3,3,https://apipicashdev.picapdb.co/api/v1/instalments?credit_id=643f047d39098c0001c98c2b,353,0,212
1681922036700,552,HTTP Request,200,OK,Get Instalments 1-18,text,true,,7079,770,3,3,https://apipicashdev.picapdb.co/api/v1/instalments?credit_id=643f047d39098c0001c98c2b,201,0,98
1681922036700,201,HTTP Request-0,307,Temporary Redirect,Get Instalments 1-18,,true,,188,385,3,3,http://apipicashdev.picapdb.co/api/v1/instalments?credit_id=643f047d39098c0001c98c2b,201,0,98
1681922036901,351,HTTP Request-1,200,OK,Get Instalments 1-18,text,true,,6891,385,3,3,https://apipicashdev.picapdb.co/api/v1/instalments?credit_id=643f047d39098c0001c98c2b,351,0,214
1681922036900,556,HTTP Request,200,OK,Get Instalments 1-19,text,true,,7079,770,3,3,https://apipicashdev.picapdb.co/api/v1/instalments?credit_id=643f047d39098c0001c98c2b,201,0,100
1681922036900,201,HTTP Request-0,307,Temporary Redirect,Get Instalments 1-19,,true,,188,385,3,3,http://apipicashdev.picapdb.co/api/v1/instalments?credit_id=643f047d39098c0001c98c2b,201,0,100
1681922037101,355,HTTP Request-1,200,OK,Get Instalments 1-19,text,true,,6891,385,3,3,https://apipicashdev.picapdb.co/api/v1/instalments?credit_id=643f047d39098c0001c98c2b,355,0,218
1681922037100,561,HTTP Request,200,OK,Get Instalments 1-20,text,true,,7079,770,3,3,https://apipicashdev.picapdb.co/api/v1/instalments?credit_id=643f047d39098c0001c98c2b,206,0,103
1681922037100,206,HTTP Request-0,307,Temporary Redirect,Get Instalments 1-20,,true,,188,385,3,3,http://apipicashdev.picapdb.co/api/v1/instalments?credit_id=643f047d39098c0001c98c2b,206,0,103
1681922037306,355,HTTP Request-1,200,OK,Get Instalments 1-20,text,true,,6891,385,3,3,https://apipicashdev.picapdb.co/api/v1/instalments?credit_id=643f047d39098c0001c98c2b,355,0,218
1681922037301,568,HTTP Request,200,OK,Get Instalments 1-21,text,true,,7079,770,3,3,https://apipicashdev.picapdb.co/api/v1/instalments?credit_id=643f047d39098c0001c98c2b,209,0,104
1681922037301,209,HTTP Request-0,307,Temporary Redirect,Get Instalments 1-21,,true,,188,385,3,3,http://apipicashdev.picapdb.co/api/v1/instalments?credit_id=643f047d39098c0001c98c2b,209,0,104
1681922037510,359,HTTP Request-1,200,OK,Get Instalments 1-21,text,true,,6891,385,3,3,https://apipicashdev.picapdb.co/api/v1/instalments?credit_id=643f047d39098c0001c98c2b,359,0,211
1681922037501,570,HTTP Request,200,OK,Get Instalments 1-22,text,true,,7079,770,3,3,https://apipicashdev.picapdb.co/api/v1/instalments?credit_id=643f047d39098c0001c98c2b,205,0,104
1681922037501,205,HTTP Request-0,307,Temporary Redirect,Get Instalments 1-22,,true,,188,385,3,3,http://apipicashdev.picapdb.co/api/v1/instalments?credit_id=643f047d39098c0001c98c2b,205,0,104
1681922037706,365,HTTP Request-1,200,OK,Get Instalments 1-22,text,true,,6891,385,3,3,https://apipicashdev.picapdb.co/api/v1/instalments?credit_id=643f047d39098c0001c98c2b,365,0,218
1681922037701,575,HTTP Request,200,OK,Get Instalments 1-23,text,true,,7079,770,3,3,https://apipicashdev.picapdb.co/api/v1/instalments?credit_id=643f047d39098c0001c98c2b,208,0,105
1681922037701,208,HTTP Request-0,307,Temporary Redirect,Get Instalments 1-23,,true,,188,385,3,3,http://apipicashdev.picapdb.co/api/v1/instalments?credit_id=643f047d39098c0001c98c2b,208,0,105
1681922037909,367,HTTP Request-1,200,OK,Get Instalments 1-23,text,true,,6891,385,3,3,https://apipicashdev.picapdb.co/api/v1/instalments?credit_id=643f047d39098c0001c98c2b,367,0,227
1681922037901,561,HTTP Request,200,OK,Get Instalments 1-24,text,true,,7079,770,3,3,https://apipicashdev.picapdb.co/api/v1/instalments?credit_id=643f047d39098c0001c98c2b,206,0,99
1681922037901,206,HTTP Request-0,307,Temporary Redirect,Get Instalments 1-24,,true,,188,385,3,3,http://apipicashdev.picapdb.co/api/v1/instalments?credit_id=643f047d39098c0001c98c2b,206,0,99
1681922038108,354,HTTP Request-1,200,OK,Get Instalments 1-24,text,true,,6891,385,3,3,https://apipicashdev.picapdb.co/api/v1/instalments?credit_id=643f047d39098c0001c98c2b,354,0,215
1681922038101,572,HTTP Request,200,OK,Get Instalments 1-25,text,true,,7079,770,3,3,https://apipicashdev.picapdb.co/api/v1/instalments?credit_id=643f047d39098c0001c98c2b,210,0,99
1681922038101,210,HTTP Request-0,307,Temporary Redirect,Get Instalments 1-25,,true,,188,385,3,3,http://apipicashdev.picapdb.co/api/v1/instalments?credit_id=643f047d39098c0001c98c2b,210,0,99
1681922038311,362,HTTP Request-1,200,OK,Get Instalments 1-25,text,true,,6891,385,3,3,https://apipicashdev.picapdb.co/api/v1/instalments?credit_id=643f047d39098c0001c98c2b,362,0,222
1681922038301,551,HTTP Request,200,OK,Get Instalments 1-26,text,true,,7086,770,3,3,https://apipicashdev.picapdb.co/api/v1/instalments?credit_id=643f047d39098c0001c98c2b,201,0,96
1681922038301,201,HTTP Request-0,307,Temporary Redirect,Get Instalments 1-26,,true,,188,385,3,3,http://apipicashdev.picapdb.co/api/v1/instalments?credit_id=643f047d39098c0001c98c2b,201,0,96
1681922038502,350,HTTP Request-1,200,OK,Get Instalments 1-26,text,true,,6898,385,3,3,https://apipicashdev.picapdb.co/api/v1/instalments?credit_id=643f047d39098c0001c98c2b,350,0,211
1681922038500,564,HTTP Request,200,OK,Get Instalments 1-27,text,true,,7086,770,3,3,https://apipicashdev.picapdb.co/api/v1/instalments?credit_id=643f047d39098c0001c98c2b,200,0,100
1681922038500,200,HTTP Request-0,307,Temporary Redirect,Get Instalments 1-27,,true,,188,385,3,3,http://apipicashdev.picapdb.co/api/v1/instalments?credit_id=643f047d39098c0001c98c2b,200,0,100
1681922038700,364,HTTP Request-1,200,OK,Get Instalments 1-27,text,true,,6898,385,3,3,https://apipicashdev.picapdb.co/api/v1/instalments?credit_id=643f047d39098c0001c98c2b,364,0,224
1681922038700,569,HTTP Request,200,OK,Get Instalments 1-28,text,true,,7079,770,3,3,https://apipicashdev.picapdb.co/api/v1/instalments?credit_id=643f047d39098c0001c98c2b,217,0,100
1681922038700,217,HTTP Request-0,307,Temporary Redirect,Get Instalments 1-28,,true,,188,385,3,3,http://apipicashdev.picapdb.co/api/v1/instalments?credit_id=643f047d39098c0001c98c2b,217,0,100
1681922038917,352,HTTP Request-1,200,OK,Get Instalments 1-28,text,true,,6891,385,3,3,https://apipicashdev.picapdb.co/api/v1/instalments?credit_id=643f047d39098c0001c98c2b,352,0,212
1681922038900,563,HTTP Request,200,OK,Get Instalments 1-29,text,true,,7079,770,3,3,https://apipicashdev.picapdb.co/api/v1/instalments?credit_id=643f047d39098c0001c98c2b,208,0,103
1681922038900,208,HTTP Request-0,307,Temporary Redirect,Get Instalments 1-29,,true,,188,385,3,3,http://apipicashdev.picapdb.co/api/v1/instalments?credit_id=643f047d39098c0001c98c2b,208,0,103
1681922039108,355,HTTP Request-1,200,OK,Get Instalments 1-29,text,true,,6891,385,3,3,https://apipicashdev.picapdb.co/api/v1/instalments?credit_id=643f047d39098c0001c98c2b,355,0,215
1681922039100,555,HTTP Request,200,OK,Get Instalments 1-30,text,true,,7086,770,3,3,https://apipicashdev.picapdb.co/api/v1/instalments?credit_id=643f047d39098c0001c98c2b,203,0,102
1681922039100,203,HTTP Request-0,307,Temporary Redirect,Get Instalments 1-30,,true,,188,385,3,3,http://apipicashdev.picapdb.co/api/v1/instalments?credit_id=643f047d39098c0001c98c2b,203,0,102
1681922039304,351,HTTP Request-1,200,OK,Get Instalments 1-30,text,true,,6898,385,3,3,https://apipicashdev.picapdb.co/api/v1/instalments?credit_id=643f047d39098c0001c98c2b,351,0,212
1681922039300,558,HTTP Request,200,OK,Get Instalments 1-31,text,true,,7079,770,3,3,https://apipicashdev.picapdb.co/api/v1/instalments?credit_id=643f047d39098c0001c98c2b,201,0,101
1681922039300,201,HTTP Request-0,307,Temporary Redirect,Get Instalments 1-31,,true,,188,385,3,3,http://apipicashdev.picapdb.co/api/v1/instalments?credit_id=643f047d39098c0001c98c2b,201,0,101
1681922039501,357,HTTP Request-1,200,OK,Get Instalments 1-31,text,true,,6891,385,3,3,https://apipicashdev.picapdb.co/api/v1/instalments?credit_id=643f047d39098c0001c98c2b,357,0,219
1681922039501,559,HTTP Request,200,OK,Get Instalments 1-32,text,true,,7079,770,3,3,https://apipicashdev.picapdb.co/api/v1/instalments?credit_id=643f047d39098c0001c98c2b,206,0,104
1681922039501,206,HTTP Request-0,307,Temporary Redirect,Get Instalments 1-32,,true,,188,385,3,3,http://apipicashdev.picapdb.co/api/v1/instalments?credit_id=643f047d39098c0001c98c2b,206,0,104
1681922039707,353,HTTP Request-1,200,OK,Get Instalments 1-32,text,true,,6891,385,3,3,https://apipicashdev.picapdb.co/api/v1/instalments?credit_id=643f047d39098c0001c98c2b,353,0,213
1681922039702,624,HTTP Request,200,OK,Get Instalments 1-33,text,true,,7079,770,4,4,https://apipicashdev.picapdb.co/api/v1/instalments?credit_id=643f047d39098c0001c98c2b,206,0,103
1681922039702,206,HTTP Request-0,307,Temporary Redirect,Get Instalments 1-33,,true,,188,385,4,4,http://apipicashdev.picapdb.co/api/v1/instalments?credit_id=643f047d39098c0001c98c2b,206,0,103
1681922039908,418,HTTP Request-1,200,OK,Get Instalments 1-33,text,true,,6891,385,4,4,https://apipicashdev.picapdb.co/api/v1/instalments?credit_id=643f047d39098c0001c98c2b,418,0,265
1681922039901,572,HTTP Request,200,OK,Get Instalments 1-34,text,true,,7079,770,3,3,https://apipicashdev.picapdb.co/api/v1/instalments?credit_id=643f047d39098c0001c98c2b,217,0,106
1681922039901,217,HTTP Request-0,307,Temporary Redirect,Get Instalments 1-34,,true,,188,385,3,3,http://apipicashdev.picapdb.co/api/v1/instalments?credit_id=643f047d39098c0001c98c2b,217,0,106
1681922040118,355,HTTP Request-1,200,OK,Get Instalments 1-34,text,true,,6891,385,3,3,https://apipicashdev.picapdb.co/api/v1/instalments?credit_id=643f047d39098c0001c98c2b,355,0,215
1681922040101,559,HTTP Request,200,OK,Get Instalments 1-35,text,true,,7079,770,3,3,https://apipicashdev.picapdb.co/api/v1/instalments?credit_id=643f047d39098c0001c98c2b,204,0,99
1681922040101,204,HTTP Request-0,307,Temporary Redirect,Get Instalments 1-35,,true,,188,385,3,3,http://apipicashdev.picapdb.co/api/v1/instalments?credit_id=643f047d39098c0001c98c2b,204,0,99
1681922040306,354,HTTP Request-1,200,OK,Get Instalments 1-35,text,true,,6891,385,3,3,https://apipicashdev.picapdb.co/api/v1/instalments?credit_id=643f047d39098c0001c98c2b,354,0,210
1681922040301,553,HTTP Request,200,OK,Get Instalments 1-36,text,true,,7079,770,3,3,https://apipicashdev.picapdb.co/api/v1/instalments?credit_id=643f047d39098c0001c98c2b,200,0,100
1681922040301,200,HTTP Request-0,307,Temporary Redirect,Get Instalments 1-36,,true,,188,385,3,3,http://apipicashdev.picapdb.co/api/v1/instalments?credit_id=643f047d39098c0001c98c2b,200,0,100
1681922040501,353,HTTP Request-1,200,OK,Get Instalments 1-36,text,true,,6891,385,3,3,https://apipicashdev.picapdb.co/api/v1/instalments?credit_id=643f047d39098c0001c98c2b,353,0,213
1681922040500,590,HTTP Request,200,OK,Get Instalments 1-37,text,true,,7079,770,3,3,https://apipicashdev.picapdb.co/api/v1/instalments?credit_id=643f047d39098c0001c98c2b,225,0,110
1681922040500,225,HTTP Request-0,307,Temporary Redirect,Get Instalments 1-37,,true,,188,385,3,3,http://apipicashdev.picapdb.co/api/v1/instalments?credit_id=643f047d39098c0001c98c2b,225,0,110
1681922040726,364,HTTP Request-1,200,OK,Get Instalments 1-37,text,true,,6891,385,3,3,https://apipicashdev.picapdb.co/api/v1/instalments?credit_id=643f047d39098c0001c98c2b,364,0,219
1681922040700,570,HTTP Request,200,OK,Get Instalments 1-38,text,true,,7079,770,3,3,https://apipicashdev.picapdb.co/api/v1/instalments?credit_id=643f047d39098c0001c98c2b,213,0,104
1681922040700,213,HTTP Request-0,307,Temporary Redirect,Get Instalments 1-38,,true,,188,385,3,3,http://apipicashdev.picapdb.co/api/v1/instalments?credit_id=643f047d39098c0001c98c2b,213,0,104
1681922040914,356,HTTP Request-1,200,OK,Get Instalments 1-38,text,true,,6891,385,3,3,https://apipicashdev.picapdb.co/api/v1/instalments?credit_id=643f047d39098c0001c98c2b,356,0,214
1681922040900,569,HTTP Request,200,OK,Get Instalments 1-39,text,true,,7079,770,3,3,https://apipicashdev.picapdb.co/api/v1/instalments?credit_id=643f047d39098c0001c98c2b,215,0,107
1681922040900,215,HTTP Request-0,307,Temporary Redirect,Get Instalments 1-39,,true,,188,385,3,3,http://apipicashdev.picapdb.co/api/v1/instalments?credit_id=643f047d39098c0001c98c2b,215,0,107
1681922041115,354,HTTP Request-1,200,OK,Get Instalments 1-39,text,true,,6891,385,3,3,https://apipicashdev.picapdb.co/api/v1/instalments?credit_id=643f047d39098c0001c98c2b,354,0,216
1681922041100,551,HTTP Request,200,OK,Get Instalments 1-40,text,true,,7079,770,3,3,https://apipicashdev.picapdb.co/api/v1/instalments?credit_id=643f047d39098c0001c98c2b,206,0,104
1681922041100,206,HTTP Request-0,307,Temporary Redirect,Get Instalments 1-40,,true,,188,385,3,3,http://apipicashdev.picapdb.co/api/v1/instalments?credit_id=643f047d39098c0001c98c2b,206,0,104
1681922041307,344,HTTP Request-1,200,OK,Get Instalments 1-40,text,true,,6891,385,3,3,https://apipicashdev.picapdb.co/api/v1/instalments?credit_id=643f047d39098c0001c98c2b,344,0,208
1681922041300,552,HTTP Request,200,OK,Get Instalments 1-41,text,true,,7079,770,3,3,https://apipicashdev.picapdb.co/api/v1/instalments?credit_id=643f047d39098c0001c98c2b,201,0,100
1681922041300,201,HTTP Request-0,307,Temporary Redirect,Get Instalments 1-41,,true,,188,385,3,3,http://apipicashdev.picapdb.co/api/v1/instalments?credit_id=643f047d39098c0001c98c2b,201,0,100
1681922041502,350,HTTP Request-1,200,OK,Get Instalments 1-41,text,true,,6891,385,3,3,https://apipicashdev.picapdb.co/api/v1/instalments?credit_id=643f047d39098c0001c98c2b,350,0,212
1681922041501,557,HTTP Request,200,OK,Get Instalments 1-42,text,true,,7079,770,3,3,https://apipicashdev.picapdb.co/api/v1/instalments?credit_id=643f047d39098c0001c98c2b,201,0,100
1681922041501,201,HTTP Request-0,307,Temporary Redirect,Get Instalments 1-42,,true,,188,385,3,3,http://apipicashdev.picapdb.co/api/v1/instalments?credit_id=643f047d39098c0001c98c2b,201,0,100
1681922041702,356,HTTP Request-1,200,OK,Get Instalments 1-42,text,true,,6891,385,3,3,https://apipicashdev.picapdb.co/api/v1/instalments?credit_id=643f047d39098c0001c98c2b,356,0,218
1681922041701,566,HTTP Request,200,OK,Get Instalments 1-43,text,true,,7079,770,3,3,https://apipicashdev.picapdb.co/api/v1/instalments?credit_id=643f047d39098c0001c98c2b,213,0,102
1681922041701,213,HTTP Request-0,307,Temporary Redirect,Get Instalments 1-43,,true,,188,385,3,3,http://apipicashdev.picapdb.co/api/v1/instalments?credit_id=643f047d39098c0001c98c2b,213,0,102
1681922041914,353,HTTP Request-1,200,OK,Get Instalments 1-43,text,true,,6891,385,3,3,https://apipicashdev.picapdb.co/api/v1/instalments?credit_id=643f047d39098c0001c98c2b,353,0,212
1681922041902,598,HTTP Request,200,OK,Get Instalments 1-44,text,true,,7079,770,4,4,https://apipicashdev.picapdb.co/api/v1/instalments?credit_id=643f047d39098c0001c98c2b,211,0,101
1681922041902,211,HTTP Request-0,307,Temporary Redirect,Get Instalments 1-44,,true,,188,385,4,4,http://apipicashdev.picapdb.co/api/v1/instalments?credit_id=643f047d39098c0001c98c2b,211,0,101
1681922042114,386,HTTP Request-1,200,OK,Get Instalments 1-44,text,true,,6891,385,4,4,https://apipicashdev.picapdb.co/api/v1/instalments?credit_id=643f047d39098c0001c98c2b,386,0,222
1681922042101,593,HTTP Request,200,OK,Get Instalments 1-45,text,true,,7079,770,3,3,https://apipicashdev.picapdb.co/api/v1/instalments?credit_id=643f047d39098c0001c98c2b,224,0,112
1681922042101,224,HTTP Request-0,307,Temporary Redirect,Get Instalments 1-45,,true,,188,385,3,3,http://apipicashdev.picapdb.co/api/v1/instalments?credit_id=643f047d39098c0001c98c2b,224,0,112
1681922042325,369,HTTP Request-1,200,OK,Get Instalments 1-45,text,true,,6891,385,3,3,https://apipicashdev.picapdb.co/api/v1/instalments?credit_id=643f047d39098c0001c98c2b,369,0,221
1681922042301,569,HTTP Request,200,OK,Get Instalments 1-46,text,true,,7079,770,3,3,https://apipicashdev.picapdb.co/api/v1/instalments?credit_id=643f047d39098c0001c98c2b,207,0,101
1681922042301,207,HTTP Request-0,307,Temporary Redirect,Get Instalments 1-46,,true,,188,385,3,3,http://apipicashdev.picapdb.co/api/v1/instalments?credit_id=643f047d39098c0001c98c2b,207,0,101
1681922042508,362,HTTP Request-1,200,OK,Get Instalments 1-46,text,true,,6891,385,3,3,https://apipicashdev.picapdb.co/api/v1/instalments?credit_id=643f047d39098c0001c98c2b,362,0,222
1681922042500,578,HTTP Request,200,OK,Get Instalments 1-47,text,true,,7079,770,3,3,https://apipicashdev.picapdb.co/api/v1/instalments?credit_id=643f047d39098c0001c98c2b,214,0,106
1681922042500,214,HTTP Request-0,307,Temporary Redirect,Get Instalments 1-47,,true,,188,385,3,3,http://apipicashdev.picapdb.co/api/v1/instalments?credit_id=643f047d39098c0001c98c2b,214,0,106
1681922042714,364,HTTP Request-1,200,OK,Get Instalments 1-47,text,true,,6891,385,3,3,https://apipicashdev.picapdb.co/api/v1/instalments?credit_id=643f047d39098c0001c98c2b,364,0,219
1681922042700,570,HTTP Request,200,OK,Get Instalments 1-48,text,true,,7079,770,3,3,https://apipicashdev.picapdb.co/api/v1/instalments?credit_id=643f047d39098c0001c98c2b,205,0,98
1681922042700,205,HTTP Request-0,307,Temporary Redirect,Get Instalments 1-48,,true,,188,385,3,3,http://apipicashdev.picapdb.co/api/v1/instalments?credit_id=643f047d39098c0001c98c2b,205,0,98
1681922042905,365,HTTP Request-1,200,OK,Get Instalments 1-48,text,true,,6891,385,3,3,https://apipicashdev.picapdb.co/api/v1/instalments?credit_id=643f047d39098c0001c98c2b,365,0,218
1681922042900,568,HTTP Request,200,OK,Get Instalments 1-49,text,true,,7079,770,2,2,https://apipicashdev.picapdb.co/api/v1/instalments?credit_id=643f047d39098c0001c98c2b,210,0,108
1681922042900,210,HTTP Request-0,307,Temporary Redirect,Get Instalments 1-49,,true,,188,385,2,2,http://apipicashdev.picapdb.co/api/v1/instalments?credit_id=643f047d39098c0001c98c2b,210,0,108
1681922043110,358,HTTP Request-1,200,OK,Get Instalments 1-49,text,true,,6891,385,2,2,https://apipicashdev.picapdb.co/api/v1/instalments?credit_id=643f047d39098c0001c98c2b,358,0,212
1681922043100,557,HTTP Request,200,OK,Get Instalments 1-50,text,true,,7079,770,1,1,https://apipicashdev.picapdb.co/api/v1/instalments?credit_id=643f047d39098c0001c98c2b,202,0,100
1681922043100,202,HTTP Request-0,307,Temporary Redirect,Get Instalments 1-50,,true,,188,385,1,1,http://apipicashdev.picapdb.co/api/v1/instalments?credit_id=643f047d39098c0001c98c2b,202,0,100
1681922043302,355,HTTP Request-1,200,OK,Get Instalments 1-50,text,true,,6891,385,1,1,https://apipicashdev.picapdb.co/api/v1/instalments?credit_id=643f047d39098c0001c98c2b,355,0,211
