1681922296799,577,HTTP Request,200,OK,Passenger Search 1-1,text,true,,1098,764,3,3,https://apipicashdev.picapdb.co/api/v1/passenger?phone=3185824979&phone=3185824979,216,0,115
1681922296799,216,HTTP Request-0,307,Temporary Redirect,Passenger Search 1-1,,true,,185,382,3,3,http://apipicashdev.picapdb.co/api/v1/passenger?phone=3185824979&phone=3185824979,216,0,115
1681922297016,360,HTTP Request-1,200,OK,Passenger Search 1-1,text,true,,913,382,3,3,https://apipicashdev.picapdb.co/api/v1/passenger?phone=3185824979&phone=3185824979,360,0,224
1681922297000,554,HTTP Request,200,OK,Passenger Search 1-2,text,true,,1098,764,4,4,https://apipicashdev.picapdb.co/api/v1/passenger?phone=3185824979&phone=3185824979,201,0,97
1681922297000,201,HTTP Request-0,307,Temporary Redirect,Passenger Search 1-2,,true,,185,382,4,4,http://apipicashdev.picapdb.co/api/v1/passenger?phone=3185824979&phone=3185824979,201,0,97
1681922297201,353,HTTP Request-1,200,OK,Passenger Search 1-2,text,true,,913,382,4,4,https://apipicashdev.picapdb.co/api/v1/passenger?phone=3185824979&phone=3185824979,352,0,214
1681922297376,240,HTTP Request,200,OK,Passenger Search 1-1,text,true,,1098,764,5,5,https://apipicashdev.picapdb.co/api/v1/passenger?phone=3185824979&phone=3185824979,99,0,0
1681922297376,99,HTTP Request-0,307,Temporary Redirect,Passenger Search 1-1,,true,,185,382,5,5,http://apipicashdev.picapdb.co/api/v1/passenger?phone=3185824979&phone=3185824979,99,0,0
1681922297475,141,HTTP Request-1,200,OK,Passenger Search 1-1,text,true,,913,382,5,5,https://apipicashdev.picapdb.co/api/v1/passenger?phone=3185824979&phone=3185824979,141,0,0
1681922297200,556,HTTP Request,200,OK,Passenger Search 1-3,text,true,,1098,764,4,4,https://apipicashdev.picapdb.co/api/v1/passenger?phone=3185824979&phone=3185824979,201,0,98
1681922297200,201,HTTP Request-0,307,Temporary Redirect,Passenger Search 1-3,,true,,185,382,4,4,http://apipicashdev.picapdb.co/api/v1/passenger?phone=3185824979&phone=3185824979,201,0,98
1681922297401,355,HTTP Request-1,200,OK,Passenger Search 1-3,text,true,,913,382,4,4,https://apipicashdev.picapdb.co/api/v1/passenger?phone=3185824979&phone=3185824979,355,0,217
1681922297554,249,HTTP Request,200,OK,Passenger Search 1-2,text,true,,1098,764,5,5,https://apipicashdev.picapdb.co/api/v1/passenger?phone=3185824979&phone=3185824979,98,0,0
1681922297554,98,HTTP Request-0,307,Temporary Redirect,Passenger Search 1-2,,true,,185,382,5,5,http://apipicashdev.picapdb.co/api/v1/passenger?phone=3185824979&phone=3185824979,98,0,0
1681922297652,151,HTTP Request-1,200,OK,Passenger Search 1-2,text,true,,913,382,5,5,https://apipicashdev.picapdb.co/api/v1/passenger?phone=3185824979&phone=3185824979,151,0,0
1681922297400,552,HTTP Request,200,OK,Passenger Search 1-4,text,true,,1098,764,4,4,https://apipicashdev.picapdb.co/api/v1/passenger?phone=3185824979&phone=3185824979,199,0,100
1681922297400,199,HTTP Request-0,307,Temporary Redirect,Passenger Search 1-4,,true,,185,382,4,4,http://apipicashdev.picapdb.co/api/v1/passenger?phone=3185824979&phone=3185824979,199,0,100
1681922297599,353,HTTP Request-1,200,OK,Passenger Search 1-4,text,true,,913,382,4,4,https://apipicashdev.picapdb.co/api/v1/passenger?phone=3185824979&phone=3185824979,353,0,218
1681922297756,230,HTTP Request,200,OK,Passenger Search 1-3,text,true,,1098,764,4,4,https://apipicashdev.picapdb.co/api/v1/passenger?phone=3185824979&phone=3185824979,98,0,0
1681922297756,98,HTTP Request-0,307,Temporary Redirect,Passenger Search 1-3,,true,,185,382,4,4,http://apipicashdev.picapdb.co/api/v1/passenger?phone=3185824979&phone=3185824979,98,0,0
1681922297854,132,HTTP Request-1,200,OK,Passenger Search 1-3,text,true,,913,382,4,4,https://apipicashdev.picapdb.co/api/v1/passenger?phone=3185824979&phone=3185824979,132,0,0
1681922297600,559,HTTP Request,200,OK,Passenger Search 1-5,text,true,,1098,764,4,4,https://apipicashdev.picapdb.co/api/v1/passenger?phone=3185824979&phone=3185824979,209,0,100
1681922297600,209,HTTP Request-0,307,Temporary Redirect,Passenger Search 1-5,,true,,185,382,4,4,http://apipicashdev.picapdb.co/api/v1/passenger?phone=3185824979&phone=3185824979,209,0,100
1681922297810,349,HTTP Request-1,200,OK,Passenger Search 1-5,text,true,,913,382,4,4,https://apipicashdev.picapdb.co/api/v1/passenger?phone=3185824979&phone=3185824979,349,0,211
1681922297952,234,HTTP Request,200,OK,Passenger Search 1-4,text,true,,1098,764,4,4,https://apipicashdev.picapdb.co/api/v1/passenger?phone=3185824979&phone=3185824979,97,0,0
1681922297952,97,HTTP Request-0,307,Temporary Redirect,Passenger Search 1-4,,true,,185,382,4,4,http://apipicashdev.picapdb.co/api/v1/passenger?phone=3185824979&phone=3185824979,97,0,0
1681922298049,137,HTTP Request-1,200,OK,Passenger Search 1-4,text,true,,913,382,4,4,https://apipicashdev.picapdb.co/api/v1/passenger?phone=3185824979&phone=3185824979,137,0,0
1681922297800,551,HTTP Request,200,OK,Passenger Search 1-6,text,true,,1098,764,4,4,https://apipicashdev.picapdb.co/api/v1/passenger?phone=3185824979&phone=3185824979,202,0,103
1681922297800,202,HTTP Request-0,307,Temporary Redirect,Passenger Search 1-6,,true,,185,382,4,4,http://apipicashdev.picapdb.co/api/v1/passenger?phone=3185824979&phone=3185824979,202,0,103
1681922298002,349,HTTP Request-1,200,OK,Passenger Search 1-6,text,true,,913,382,4,4,https://apipicashdev.picapdb.co/api/v1/passenger?phone=3185824979&phone=3185824979,349,0,211
1681922298159,234,HTTP Request,200,OK,Passenger Search 1-5,text,true,,1098,764,4,4,https://apipicashdev.picapdb.co/api/v1/passenger?phone=3185824979&phone=3185824979,98,0,0
1681922298159,98,HTTP Request-0,307,Temporary Redirect,Passenger Search 1-5,,true,,185,382,4,4,http://apipicashdev.picapdb.co/api/v1/passenger?phone=3185824979&phone=3185824979,98,0,0
1681922298258,135,HTTP Request-1,200,OK,Passenger Search 1-5,text,true,,913,382,4,4,https://apipicashdev.picapdb.co/api/v1/passenger?phone=3185824979&phone=3185824979,135,0,0
1681922297999,553,HTTP Request,200,OK,Passenger Search 1-7,text,true,,1098,764,4,4,https://apipicashdev.picapdb.co/api/v1/passenger?phone=3185824979&phone=3185824979,198,0,95
1681922297999,198,HTTP Request-0,307,Temporary Redirect,Passenger Search 1-7,,true,,185,382,4,4,http://apipicashdev.picapdb.co/api/v1/passenger?phone=3185824979&phone=3185824979,198,0,95
1681922298198,354,HTTP Request-1,200,OK,Passenger Search 1-7,text,true,,913,382,4,4,https://apipicashdev.picapdb.co/api/v1/passenger?phone=3185824979&phone=3185824979,354,0,215
1681922298352,234,HTTP Request,200,OK,Passenger Search 1-6,text,true,,1098,764,4,4,https://apipicashdev.picapdb.co/api/v1/passenger?phone=3185824979&phone=3185824979,97,0,0
1681922298352,97,HTTP Request-0,307,Temporary Redirect,Passenger Search 1-6,,true,,185,382,4,4,http://apipicashdev.picapdb.co/api/v1/passenger?phone=3185824979&phone=3185824979,97,0,0
1681922298449,137,HTTP Request-1,200,OK,Passenger Search 1-6,text,true,,913,382,4,4,https://apipicashdev.picapdb.co/api/v1/passenger?phone=3185824979&phone=3185824979,137,0,0
1681922298200,565,HTTP Request,200,OK,Passenger Search 1-8,text,true,,1098,764,4,4,https://apipicashdev.picapdb.co/api/v1/passenger?phone=3185824979&phone=3185824979,212,0,101
1681922298200,212,HTTP Request-0,307,Temporary Redirect,Passenger Search 1-8,,true,,185,382,4,4,http://apipicashdev.picapdb.co/api/v1/passenger?phone=3185824979&phone=3185824979,212,0,101
1681922298413,352,HTTP Request-1,200,OK,Passenger Search 1-8,text,true,,913,382,4,4,https://apipicashdev.picapdb.co/api/v1/passenger?phone=3185824979&phone=3185824979,352,0,210
1681922298553,241,HTTP Request,200,OK,Passenger Search 1-7,text,true,,1098,764,4,4,https://apipicashdev.picapdb.co/api/v1/passenger?phone=3185824979&phone=3185824979,104,0,0
1681922298553,104,HTTP Request-0,307,Temporary Redirect,Passenger Search 1-7,,true,,185,382,4,4,http://apipicashdev.picapdb.co/api/v1/passenger?phone=3185824979&phone=3185824979,104,0,0
1681922298657,137,HTTP Request-1,200,OK,Passenger Search 1-7,text,true,,913,382,4,4,https://apipicashdev.picapdb.co/api/v1/passenger?phone=3185824979&phone=3185824979,137,0,0
1681922298401,546,HTTP Request,200,OK,Passenger Search 1-9,text,true,,1098,764,4,4,https://apipicashdev.picapdb.co/api/v1/passenger?phone=3185824979&phone=3185824979,197,0,94
1681922298401,197,HTTP Request-0,307,Temporary Redirect,Passenger Search 1-9,,true,,185,382,4,4,http://apipicashdev.picapdb.co/api/v1/passenger?phone=3185824979&phone=3185824979,197,0,94
1681922298599,348,HTTP Request-1,200,OK,Passenger Search 1-9,text,true,,913,382,4,4,https://apipicashdev.picapdb.co/api/v1/passenger?phone=3185824979&phone=3185824979,348,0,208
1681922298765,236,HTTP Request,200,OK,Passenger Search 1-8,text,true,,1098,764,5,5,https://apipicashdev.picapdb.co/api/v1/passenger?phone=3185824979&phone=3185824979,98,0,0
1681922298765,98,HTTP Request-0,307,Temporary Redirect,Passenger Search 1-8,,true,,185,382,5,5,http://apipicashdev.picapdb.co/api/v1/passenger?phone=3185824979&phone=3185824979,98,0,0
1681922298863,138,HTTP Request-1,200,OK,Passenger Search 1-8,text,true,,913,382,5,5,https://apipicashdev.picapdb.co/api/v1/passenger?phone=3185824979&phone=3185824979,138,0,0
1681922298601,550,HTTP Request,200,OK,Passenger Search 1-10,text,true,,1098,764,4,4,https://apipicashdev.picapdb.co/api/v1/passenger?phone=3185824979&phone=3185824979,204,0,103
1681922298601,204,HTTP Request-0,307,Temporary Redirect,Passenger Search 1-10,,true,,185,382,4,4,http://apipicashdev.picapdb.co/api/v1/passenger?phone=3185824979&phone=3185824979,204,0,103
1681922298805,346,HTTP Request-1,200,OK,Passenger Search 1-10,text,true,,913,382,4,4,https://apipicashdev.picapdb.co/api/v1/passenger?phone=3185824979&phone=3185824979,346,0,210
1681922298947,230,HTTP Request,200,OK,Passenger Search 1-9,text,true,,1098,764,4,4,https://apipicashdev.picapdb.co/api/v1/passenger?phone=3185824979&phone=3185824979,98,0,0
1681922298947,98,HTTP Request-0,307,Temporary Redirect,Passenger Search 1-9,,true,,185,382,4,4,http://apipicashdev.picapdb.co/api/v1/passenger?phone=3185824979&phone=3185824979,98,0,0
1681922299045,132,HTTP Request-1,200,OK,Passenger Search 1-9,text,true,,913,382,4,4,https://apipicashdev.picapdb.co/api/v1/passenger?phone=3185824979&phone=3185824979,132,0,0
1681922298801,557,HTTP Request,200,OK,Passenger Search 1-11,text,true,,1098,764,4,4,https://apipicashdev.picapdb.co/api/v1/passenger?phone=3185824979&phone=3185824979,200,0,100
1681922298801,200,HTTP Request-0,307,Temporary Redirect,Passenger Search 1-11,,true,,185,382,4,4,http://apipicashdev.picapdb.co/api/v1/passenger?phone=3185824979&phone=3185824979,200,0,100
1681922299001,357,HTTP Request-1,200,OK,Passenger Search 1-11,text,true,,913,382,4,4,https://apipicashdev.picapdb.co/api/v1/passenger?phone=3185824979&phone=3185824979,357,0,219
1681922299151,234,HTTP Request,200,OK,Passenger Search 1-10,text,true,,1098,764,4,4,https://apipicashdev.picapdb.co/api/v1/passenger?phone=3185824979&phone=3185824979,96,0,0
1681922299151,96,HTTP Request-0,307,Temporary Redirect,Passenger Search 1-10,,true,,185,382,4,4,http://apipicashdev.picapdb.co/api/v1/passenger?phone=3185824979&phone=3185824979,96,0,0
1681922299247,138,HTTP Request-1,200,OK,Passenger Search 1-10,text,true,,913,382,4,4,https://apipicashdev.picapdb.co/api/v1/passenger?phone=3185824979&phone=3185824979,138,0,0
1681922299001,562,HTTP Request,200,OK,Passenger Search 1-12,text,true,,1098,764,4,4,https://apipicashdev.picapdb.co/api/v1/passenger?phone=3185824979&phone=3185824979,205,0,101
1681922299001,205,HTTP Request-0,307,Temporary Redirect,Passenger Search 1-12,,true,,185,382,4,4,http://apipicashdev.picapdb.co/api/v1/passenger?phone=3185824979&phone=3185824979,205,0,101
1681922299207,356,HTTP Request-1,200,OK,Passenger Search 1-12,text,true,,913,382,4,4,https://apipicashdev.picapdb.co/api/v1/passenger?phone=3185824979&phone=3185824979,356,0,211
1681922299358,241,HTTP Request,200,OK,Passenger Search 1-11,text,true,,1098,764,4,4,https://apipicashdev.picapdb.co/api/v1/passenger?phone=3185824979&phone=3185824979,98,0,0
1681922299358,98,HTTP Request-0,307,Temporary Redirect,Passenger Search 1-11,,true,,185,382,4,4,http://apipicashdev.picapdb.co/api/v1/passenger?phone=3185824979&phone=3185824979,98,0,0
1681922299456,143,HTTP Request-1,200,OK,Passenger Search 1-11,text,true,,913,382,4,4,https://apipicashdev.picapdb.co/api/v1/passenger?phone=3185824979&phone=3185824979,143,0,0
1681922299201,576,HTTP Request,200,OK,Passenger Search 1-13,text,true,,1098,764,4,4,https://apipicashdev.picapdb.co/api/v1/passenger?phone=3185824979&phone=3185824979,213,0,99
1681922299201,213,HTTP Request-0,307,Temporary Redirect,Passenger Search 1-13,,true,,185,382,4,4,http://apipicashdev.picapdb.co/api/v1/passenger?phone=3185824979&phone=3185824979,213,0,99
1681922299415,362,HTTP Request-1,200,OK,Passenger Search 1-13,text,true,,913,382,4,4,https://apipicashdev.picapdb.co/api/v1/passenger?phone=3185824979&phone=3185824979,362,0,219
1681922299563,228,HTTP Request,200,OK,Passenger Search 1-12,text,true,,1098,764,4,4,https://apipicashdev.picapdb.co/api/v1/passenger?phone=3185824979&phone=3185824979,96,0,0
1681922299563,96,HTTP Request-0,307,Temporary Redirect,Passenger Search 1-12,,true,,185,382,4,4,http://apipicashdev.picapdb.co/api/v1/passenger?phone=3185824979&phone=3185824979,96,0,0
1681922299660,131,HTTP Request-1,200,OK,Passenger Search 1-12,text,true,,913,382,4,4,https://apipicashdev.picapdb.co/api/v1/passenger?phone=3185824979&phone=3185824979,131,0,0
1681922299401,557,HTTP Request,200,OK,Passenger Search 1-14,text,true,,1098,764,4,4,https://apipicashdev.picapdb.co/api/v1/passenger?phone=3185824979&phone=3185824979,204,0,99
1681922299401,204,HTTP Request-0,307,Temporary Redirect,Passenger Search 1-14,,true,,185,382,4,4,http://apipicashdev.picapdb.co/api/v1/passenger?phone=3185824979&phone=3185824979,204,0,99
1681922299605,353,HTTP Request-1,200,OK,Passenger Search 1-14,text,true,,913,382,4,4,https://apipicashdev.picapdb.co/api/v1/passenger?phone=3185824979&phone=3185824979,353,0,213
1681922299777,236,HTTP Request,200,OK,Passenger Search 1-13,text,true,,1098,764,5,5,https://apipicashdev.picapdb.co/api/v1/passenger?phone=3185824979&phone=3185824979,99,0,0
1681922299777,99,HTTP Request-0,307,Temporary Redirect,Passenger Search 1-13,,true,,185,382,5,5,http://apipicashdev.picapdb.co/api/v1/passenger?phone=3185824979&phone=3185824979,99,0,0
1681922299876,137,HTTP Request-1,200,OK,Passenger Search 1-13,text,true,,913,382,5,5,https://apipicashdev.picapdb.co/api/v1/passenger?phone=3185824979&phone=3185824979,137,0,0
1681922299600,577,HTTP Request,200,OK,Passenger Search 1-15,text,true,,1098,764,4,4,https://apipicashdev.picapdb.co/api/v1/passenger?phone=3185824979&phone=3185824979,209,0,107
1681922299600,209,HTTP Request-0,307,Temporary Redirect,Passenger Search 1-15,,true,,185,382,4,4,http://apipicashdev.picapdb.co/api/v1/passenger?phone=3185824979&phone=3185824979,209,0,107
1681922299810,367,HTTP Request-1,200,OK,Passenger Search 1-15,text,true,,913,382,4,4,https://apipicashdev.picapdb.co/api/v1/passenger?phone=3185824979&phone=3185824979,367,0,226
1681922299959,222,HTTP Request,200,OK,Passenger Search 1-14,text,true,,1098,764,4,4,https://apipicashdev.picapdb.co/api/v1/passenger?phone=3185824979&phone=3185824979,96,0,0
1681922299959,96,HTTP Request-0,307,Temporary Redirect,Passenger Search 1-14,,true,,185,382,4,4,http://apipicashdev.picapdb.co/api/v1/passenger?phone=3185824979&phone=3185824979,96,0,0
1681922300055,126,HTTP Request-1,200,OK,Passenger Search 1-14,text,true,,913,382,4,4,https://apipicashdev.picapdb.co/api/v1/passenger?phone=3185824979&phone=3185824979,126,0,0
1681922299801,554,HTTP Request,200,OK,Passenger Search 1-16,text,true,,1098,764,4,4,https://apipicashdev.picapdb.co/api/v1/passenger?phone=3185824979&phone=3185824979,201,0,100
1681922299801,201,HTTP Request-0,307,Temporary Redirect,Passenger Search 1-16,,true,,185,382,4,4,http://apipicashdev.picapdb.co/api/v1/passenger?phone=3185824979&phone=3185824979,201,0,100
1681922300002,353,HTTP Request-1,200,OK,Passenger Search 1-16,text,true,,913,382,4,4,https://apipicashdev.picapdb.co/api/v1/passenger?phone=3185824979&phone=3185824979,353,0,221
1681922300177,238,HTTP Request,200,OK,Passenger Search 1-15,text,true,,1098,764,5,5,https://apipicashdev.picapdb.co/api/v1/passenger?phone=3185824979&phone=3185824979,100,0,0
1681922300177,100,HTTP Request-0,307,Temporary Redirect,Passenger Search 1-15,,true,,185,382,5,5,http://apipicashdev.picapdb.co/api/v1/passenger?phone=3185824979&phone=3185824979,100,0,0
1681922300277,138,HTTP Request-1,200,OK,Passenger Search 1-15,text,true,,913,382,5,5,https://apipicashdev.picapdb.co/api/v1/passenger?phone=3185824979&phone=3185824979,138,0,0
1681922300000,562,HTTP Request,200,OK,Passenger Search 1-17,text,true,,1098,764,4,4,https://apipicashdev.picapdb.co/api/v1/passenger?phone=3185824979&phone=3185824979,218,0,100
1681922300000,218,HTTP Request-0,307,Temporary Redirect,Passenger Search 1-17,,true,,185,382,4,4,http://apipicashdev.picapdb.co/api/v1/passenger?phone=3185824979&phone=3185824979,218,0,100
1681922300219,343,HTTP Request-1,200,OK,Passenger Search 1-17,text,true,,913,382,4,4,https://apipicashdev.picapdb.co/api/v1/passenger?phone=3185824979&phone=3185824979,343,0,212
1681922300355,235,HTTP Request,200,OK,Passenger Search 1-16,text,true,,1098,764,4,4,https://apipicashdev.picapdb.co/api/v1/passenger?phone=3185824979&phone=3185824979,101,0,0
1681922300355,101,HTTP Request-0,307,Temporary Redirect,Passenger Search 1-16,,true,,185,382,4,4,http://apipicashdev.picapdb.co/api/v1/passenger?phone=3185824979&phone=3185824979,101,0,0
1681922300456,134,HTTP Request-1,200,OK,Passenger Search 1-16,text,true,,913,382,4,4,https://apipicashdev.picapdb.co/api/v1/passenger?phone=3185824979&phone=3185824979,134,0,0
1681922300200,550,HTTP Request,200,OK,Passenger Search 1-18,text,true,,1098,764,4,4,https://apipicashdev.picapdb.co/api/v1/passenger?phone=3185824979&phone=3185824979,199,0,99
1681922300200,199,HTTP Request-0,307,Temporary Redirect,Passenger Search 1-18,,true,,185,382,4,4,http://apipicashdev.picapdb.co/api/v1/passenger?phone=3185824979&phone=3185824979,199,0,99
1681922300399,351,HTTP Request-1,200,OK,Passenger Search 1-18,text,true,,913,382,4,4,https://apipicashdev.picapdb.co/api/v1/passenger?phone=3185824979&phone=3185824979,351,0,215
1681922300562,238,HTTP Request,200,OK,Passenger Search 1-17,text,true,,1098,764,5,5,https://apipicashdev.picapdb.co/api/v1/passenger?phone=3185824979&phone=3185824979,97,0,0
1681922300562,97,HTTP Request-0,307,Temporary Redirect,Passenger Search 1-17,,true,,185,382,5,5,http://apipicashdev.picapdb.co/api/v1/passenger?phone=3185824979&phone=3185824979,97,0,0
1681922300659,141,HTTP Request-1,200,OK,Passenger Search 1-17,text,true,,913,382,5,5,https://apipicashdev.picapdb.co/api/v1/passenger?phone=3185824979&phone=3185824979,141,0,0
1681922300400,558,HTTP Request,200,OK,Passenger Search 1-19,text,true,,1098,764,4,4,https://apipicashdev.picapdb.co/api/v1/passenger?phone=3185824979&phone=3185824979,205,0,101
1681922300400,205,HTTP Request-0,307,Temporary Redirect,Passenger Search 1-19,,true,,185,382,4,4,http://apipicashdev.picapdb.co/api/v1/passenger?phone=3185824979&phone=3185824979,205,0,101
1681922300606,352,HTTP Request-1,200,OK,Passenger Search 1-19,text,true,,913,382,4,4,https://apipicashdev.picapdb.co/api/v1/passenger?phone=3185824979&phone=3185824979,352,0,215
1681922300750,238,HTTP Request,200,OK,Passenger Search 1-18,text,true,,1098,764,4,4,https://apipicashdev.picapdb.co/api/v1/passenger?phone=3185824979&phone=3185824979,100,0,0
1681922300750,100,HTTP Request-0,307,Temporary Redirect,Passenger Search 1-18,,true,,185,382,4,4,http://apipicashdev.picapdb.co/api/v1/passenger?phone=3185824979&phone=3185824979,100,0,0
1681922300850,138,HTTP Request-1,200,OK,Passenger Search 1-18,text,true,,913,382,4,4,https://apipicashdev.picapdb.co/api/v1/passenger?phone=3185824979&phone=3185824979,138,0,0
1681922300600,541,HTTP Request,200,OK,Passenger Search 1-20,text,true,,1098,764,4,4,https://apipicashdev.picapdb.co/api/v1/passenger?phone=3185824979&phone=3185824979,196,0,93
1681922300600,196,HTTP Request-0,307,Temporary Redirect,Passenger Search 1-20,,true,,185,382,4,4,http://apipicashdev.picapdb.co/api/v1/passenger?phone=3185824979&phone=3185824979,196,0,93
1681922300796,345,HTTP Request-1,200,OK,Passenger Search 1-20,text,true,,913,382,4,4,https://apipicashdev.picapdb.co/api/v1/passenger?phone=3185824979&phone=3185824979,345,0,207
1681922300958,241,HTTP Request,200,OK,Passenger Search 1-19,text,true,,1098,764,4,4,https://apipicashdev.picapdb.co/api/v1/passenger?phone=3185824979&phone=3185824979,102,0,0
1681922300958,102,HTTP Request-0,307,Temporary Redirect,Passenger Search 1-19,,true,,185,382,4,4,http://apipicashdev.picapdb.co/api/v1/passenger?phone=3185824979&phone=3185824979,102,0,0
1681922301060,139,HTTP Request-1,200,OK,Passenger Search 1-19,text,true,,913,382,4,4,https://apipicashdev.picapdb.co/api/v1/passenger?phone=3185824979&phone=3185824979,139,0,0
1681922300800,553,HTTP Request,200,OK,Passenger Search 1-21,text,true,,1098,764,4,4,https://apipicashdev.picapdb.co/api/v1/passenger?phone=3185824979&phone=3185824979,207,0,100
1681922300800,207,HTTP Request-0,307,Temporary Redirect,Passenger Search 1-21,,true,,185,382,4,4,http://apipicashdev.picapdb.co/api/v1/passenger?phone=3185824979&phone=3185824979,207,0,100
1681922301007,346,HTTP Request-1,200,OK,Passenger Search 1-21,text,true,,913,382,4,4,https://apipicashdev.picapdb.co/api/v1/passenger?phone=3185824979&phone=3185824979,346,0,212
1681922301141,229,HTTP Request,200,OK,Passenger Search 1-20,text,true,,1098,764,4,4,https://apipicashdev.picapdb.co/api/v1/passenger?phone=3185824979&phone=3185824979,98,0,0
1681922301141,98,HTTP Request-0,307,Temporary Redirect,Passenger Search 1-20,,true,,185,382,4,4,http://apipicashdev.picapdb.co/api/v1/passenger?phone=3185824979&phone=3185824979,98,0,0
1681922301239,131,HTTP Request-1,200,OK,Passenger Search 1-20,text,true,,913,382,4,4,https://apipicashdev.picapdb.co/api/v1/passenger?phone=3185824979&phone=3185824979,131,0,0
1681922301001,552,HTTP Request,200,OK,Passenger Search 1-22,text,true,,1098,764,4,4,https://apipicashdev.picapdb.co/api/v1/passenger?phone=3185824979&phone=3185824979,200,0,100
1681922301001,200,HTTP Request-0,307,Temporary Redirect,Passenger Search 1-22,,true,,185,382,4,4,http://apipicashdev.picapdb.co/api/v1/passenger?phone=3185824979&phone=3185824979,200,0,100
1681922301201,352,HTTP Request-1,200,OK,Passenger Search 1-22,text,true,,913,382,4,4,https://apipicashdev.picapdb.co/api/v1/passenger?phone=3185824979&phone=3185824979,351,0,212
1681922301353,231,HTTP Request,200,OK,Passenger Search 1-21,text,true,,1098,764,4,4,https://apipicashdev.picapdb.co/api/v1/passenger?phone=3185824979&phone=3185824979,96,0,0
1681922301353,96,HTTP Request-0,307,Temporary Redirect,Passenger Search 1-21,,true,,185,382,4,4,http://apipicashdev.picapdb.co/api/v1/passenger?phone=3185824979&phone=3185824979,96,0,0
1681922301449,135,HTTP Request-1,200,OK,Passenger Search 1-21,text,true,,913,382,4,4,https://apipicashdev.picapdb.co/api/v1/passenger?phone=3185824979&phone=3185824979,135,0,0
1681922301201,555,HTTP Request,200,OK,Passenger Search 1-23,text,true,,1098,764,4,4,https://apipicashdev.picapdb.co/api/v1/passenger?phone=3185824979&phone=3185824979,213,0,110
1681922301201,213,HTTP Request-0,307,Temporary Redirect,Passenger Search 1-23,,true,,185,382,4,4,http://apipicashdev.picapdb.co/api/v1/passenger?phone=3185824979&phone=3185824979,213,0,110
1681922301415,341,HTTP Request-1,200,OK,Passenger Search 1-23,text,true,,913,382,4,4,https://apipicashdev.picapdb.co/api/v1/passenger?phone=3185824979&phone=3185824979,341,0,207
1681922301553,229,HTTP Request,200,OK,Passenger Search 1-22,text,true,,1098,764,4,4,https://apipicashdev.picapdb.co/api/v1/passenger?phone=3185824979&phone=3185824979,97,0,0
1681922301553,97,HTTP Request-0,307,Temporary Redirect,Passenger Search 1-22,,true,,185,382,4,4,http://apipicashdev.picapdb.co/api/v1/passenger?phone=3185824979&phone=3185824979,97,0,0
1681922301651,131,HTTP Request-1,200,OK,Passenger Search 1-22,text,true,,913,382,4,4,https://apipicashdev.picapdb.co/api/v1/passenger?phone=3185824979&phone=3185824979,131,0,0
1681922301400,553,HTTP Request,200,OK,Passenger Search 1-24,text,true,,1098,764,4,4,https://apipicashdev.picapdb.co/api/v1/passenger?phone=3185824979&phone=3185824979,201,0,99
1681922301400,201,HTTP Request-0,307,Temporary Redirect,Passenger Search 1-24,,true,,185,382,4,4,http://apipicashdev.picapdb.co/api/v1/passenger?phone=3185824979&phone=3185824979,201,0,99
1681922301602,351,HTTP Request-1,200,OK,Passenger Search 1-24,text,true,,913,382,4,4,https://apipicashdev.picapdb.co/api/v1/passenger?phone=3185824979&phone=3185824979,351,0,214
1681922301756,233,HTTP Request,200,OK,Passenger Search 1-23,text,true,,1098,764,4,4,https://apipicashdev.picapdb.co/api/v1/passenger?phone=3185824979&phone=3185824979,100,0,0
1681922301756,100,HTTP Request-0,307,Temporary Redirect,Passenger Search 1-23,,true,,185,382,4,4,http://apipicashdev.picapdb.co/api/v1/passenger?phone=3185824979&phone=3185824979,100,0,0
1681922301856,133,HTTP Request-1,200,OK,Passenger Search 1-23,text,true,,913,382,4,4,https://apipicashdev.picapdb.co/api/v1/passenger?phone=3185824979&phone=3185824979,133,0,0
1681922301600,558,HTTP Request,200,OK,Passenger Search 1-25,text,true,,1098,764,4,4,https://apipicashdev.picapdb.co/api/v1/passenger?phone=3185824979&phone=3185824979,211,0,104
1681922301600,211,HTTP Request-0,307,Temporary Redirect,Passenger Search 1-25,,true,,185,382,4,4,http://apipicashdev.picapdb.co/api/v1/passenger?phone=3185824979&phone=3185824979,211,0,104
1681922301811,347,HTTP Request-1,200,OK,Passenger Search 1-25,text,true,,913,382,4,4,https://apipicashdev.picapdb.co/api/v1/passenger?phone=3185824979&phone=3185824979,347,0,211
1681922301954,230,HTTP Request,200,OK,Passenger Search 1-24,text,true,,1098,764,4,4,https://apipicashdev.picapdb.co/api/v1/passenger?phone=3185824979&phone=3185824979,96,0,0
1681922301954,96,HTTP Request-0,307,Temporary Redirect,Passenger Search 1-24,,true,,185,382,4,4,http://apipicashdev.picapdb.co/api/v1/passenger?phone=3185824979&phone=3185824979,96,0,0
1681922302051,133,HTTP Request-1,200,OK,Passenger Search 1-24,text,true,,913,382,4,4,https://apipicashdev.picapdb.co/api/v1/passenger?phone=3185824979&phone=3185824979,133,0,0
1681922301800,552,HTTP Request,200,OK,Passenger Search 1-26,text,true,,1098,764,4,4,https://apipicashdev.picapdb.co/api/v1/passenger?phone=3185824979&phone=3185824979,203,0,101
1681922301800,203,HTTP Request-0,307,Temporary Redirect,Passenger Search 1-26,,true,,185,382,4,4,http://apipicashdev.picapdb.co/api/v1/passenger?phone=3185824979&phone=3185824979,203,0,101
1681922302003,349,HTTP Request-1,200,OK,Passenger Search 1-26,text,true,,913,382,4,4,https://apipicashdev.picapdb.co/api/v1/passenger?phone=3185824979&phone=3185824979,349,0,211
1681922302159,232,HTTP Request,200,OK,Passenger Search 1-25,text,true,,1098,764,4,4,https://apipicashdev.picapdb.co/api/v1/passenger?phone=3185824979&phone=3185824979,98,0,0
1681922302159,98,HTTP Request-0,307,Temporary Redirect,Passenger Search 1-25,,true,,185,382,4,4,http://apipicashdev.picapdb.co/api/v1/passenger?phone=3185824979&phone=3185824979,98,0,0
1681922302257,134,HTTP Request-1,200,OK,Passenger Search 1-25,text,true,,913,382,4,4,https://apipicashdev.picapdb.co/api/v1/passenger?phone=3185824979&phone=3185824979,134,0,0
1681922302001,552,HTTP Request,200,OK,Passenger Search 1-27,text,true,,1098,764,4,4,https://apipicashdev.picapdb.co/api/v1/passenger?phone=3185824979&phone=3185824979,204,0,100
1681922302001,204,HTTP Request-0,307,Temporary Redirect,Passenger Search 1-27,,true,,185,382,4,4,http://apipicashdev.picapdb.co/api/v1/passenger?phone=3185824979&phone=3185824979,204,0,100
1681922302206,347,HTTP Request-1,200,OK,Passenger Search 1-27,text,true,,913,382,4,4,https://apipicashdev.picapdb.co/api/v1/passenger?phone=3185824979&phone=3185824979,347,0,213
1681922302352,230,HTTP Request,200,OK,Passenger Search 1-26,text,true,,1098,764,4,4,https://apipicashdev.picapdb.co/api/v1/passenger?phone=3185824979&phone=3185824979,97,0,0
1681922302352,97,HTTP Request-0,307,Temporary Redirect,Passenger Search 1-26,,true,,185,382,4,4,http://apipicashdev.picapdb.co/api/v1/passenger?phone=3185824979&phone=3185824979,97,0,0
1681922302450,132,HTTP Request-1,200,OK,Passenger Search 1-26,text,true,,913,382,4,4,https://apipicashdev.picapdb.co/api/v1/passenger?phone=3185824979&phone=3185824979,132,0,0
1681922302200,547,HTTP Request,200,OK,Passenger Search 1-28,text,true,,1098,764,4,4,https://apipicashdev.picapdb.co/api/v1/passenger?phone=3185824979&phone=3185824979,199,0,98
1681922302200,199,HTTP Request-0,307,Temporary Redirect,Passenger Search 1-28,,true,,185,382,4,4,http://apipicashdev.picapdb.co/api/v1/passenger?phone=3185824979&phone=3185824979,199,0,98
1681922302399,348,HTTP Request-1,200,OK,Passenger Search 1-28,text,true,,913,382,4,4,https://apipicashdev.picapdb.co/api/v1/passenger?phone=3185824979&phone=3185824979,348,0,211
1681922302553,234,HTTP Request,200,OK,Passenger Search 1-27,text,true,,1098,764,4,4,https://apipicashdev.picapdb.co/api/v1/passenger?phone=3185824979&phone=3185824979,97,0,0
1681922302553,97,HTTP Request-0,307,Temporary Redirect,Passenger Search 1-27,,true,,185,382,4,4,http://apipicashdev.picapdb.co/api/v1/passenger?phone=3185824979&phone=3185824979,97,0,0
1681922302650,137,HTTP Request-1,200,OK,Passenger Search 1-27,text,true,,913,382,4,4,https://apipicashdev.picapdb.co/api/v1/passenger?phone=3185824979&phone=3185824979,137,0,0
1681922302401,552,HTTP Request,200,OK,Passenger Search 1-29,text,true,,1098,764,4,4,https://apipicashdev.picapdb.co/api/v1/passenger?phone=3185824979&phone=3185824979,204,0,99
1681922302401,204,HTTP Request-0,307,Temporary Redirect,Passenger Search 1-29,,true,,185,382,4,4,http://apipicashdev.picapdb.co/api/v1/passenger?phone=3185824979&phone=3185824979,204,0,99
1681922302605,348,HTTP Request-1,200,OK,Passenger Search 1-29,text,true,,913,382,4,4,https://apipicashdev.picapdb.co/api/v1/passenger?phone=3185824979&phone=3185824979,348,0,218
1681922302747,231,HTTP Request,200,OK,Passenger Search 1-28,text,true,,1098,764,4,4,https://apipicashdev.picapdb.co/api/v1/passenger?phone=3185824979&phone=3185824979,97,0,0
1681922302747,97,HTTP Request-0,307,Temporary Redirect,Passenger Search 1-28,,true,,185,382,4,4,http://apipicashdev.picapdb.co/api/v1/passenger?phone=3185824979&phone=3185824979,97,0,0
1681922302844,134,HTTP Request-1,200,OK,Passenger Search 1-28,text,true,,913,382,4,4,https://apipicashdev.picapdb.co/api/v1/passenger?phone=3185824979&phone=3185824979,134,0,0
1681922302601,564,HTTP Request,200,OK,Passenger Search 1-30,text,true,,1098,764,4,4,https://apipicashdev.picapdb.co/api/v1/passenger?phone=3185824979&phone=3185824979,212,0,105
1681922302601,212,HTTP Request-0,307,Temporary Redirect,Passenger Search 1-30,,true,,185,382,4,4,http://apipicashdev.picapdb.co/api/v1/passenger?phone=3185824979&phone=3185824979,212,0,105
1681922302814,351,HTTP Request-1,200,OK,Passenger Search 1-30,text,true,,913,382,4,4,https://apipicashdev.picapdb.co/api/v1/passenger?phone=3185824979&phone=3185824979,351,0,209
1681922302953,228,HTTP Request,200,OK,Passenger Search 1-29,text,true,,1098,764,4,4,https://apipicashdev.picapdb.co/api/v1/passenger?phone=3185824979&phone=3185824979,98,0,0
1681922302953,98,HTTP Request-0,307,Temporary Redirect,Passenger Search 1-29,,true,,185,382,4,4,http://apipicashdev.picapdb.co/api/v1/passenger?phone=3185824979&phone=3185824979,98,0,0
1681922303051,130,HTTP Request-1,200,OK,Passenger Search 1-29,text,true,,913,382,4,4,https://apipicashdev.picapdb.co/api/v1/passenger?phone=3185824979&phone=3185824979,130,0,0
1681922302801,560,HTTP Request,200,OK,Passenger Search 1-31,text,true,,1098,764,4,4,https://apipicashdev.picapdb.co/api/v1/passenger?phone=3185824979&phone=3185824979,202,0,98
1681922302801,202,HTTP Request-0,307,Temporary Redirect,Passenger Search 1-31,,true,,185,382,4,4,http://apipicashdev.picapdb.co/api/v1/passenger?phone=3185824979&phone=3185824979,202,0,98
1681922303003,358,HTTP Request-1,200,OK,Passenger Search 1-31,text,true,,913,382,4,4,https://apipicashdev.picapdb.co/api/v1/passenger?phone=3185824979&phone=3185824979,358,0,220
1681922303165,240,HTTP Request,200,OK,Passenger Search 1-30,text,true,,1098,764,5,5,https://apipicashdev.picapdb.co/api/v1/passenger?phone=3185824979&phone=3185824979,101,0,0
1681922303165,101,HTTP Request-0,307,Temporary Redirect,Passenger Search 1-30,,true,,185,382,5,5,http://apipicashdev.picapdb.co/api/v1/passenger?phone=3185824979&phone=3185824979,101,0,0
1681922303266,139,HTTP Request-1,200,OK,Passenger Search 1-30,text,true,,913,382,5,5,https://apipicashdev.picapdb.co/api/v1/passenger?phone=3185824979&phone=3185824979,139,0,0
1681922303001,559,HTTP Request,200,OK,Passenger Search 1-32,text,true,,1098,764,4,4,https://apipicashdev.picapdb.co/api/v1/passenger?phone=3185824979&phone=3185824979,214,0,101
1681922303001,214,HTTP Request-0,307,Temporary Redirect,Passenger Search 1-32,,true,,185,382,4,4,http://apipicashdev.picapdb.co/api/v1/passenger?phone=3185824979&phone=3185824979,214,0,101
1681922303215,345,HTTP Request-1,200,OK,Passenger Search 1-32,text,true,,913,382,4,4,https://apipicashdev.picapdb.co/api/v1/passenger?phone=3185824979&phone=3185824979,345,0,207
1681922303361,229,HTTP Request,200,OK,Passenger Search 1-31,text,true,,1098,764,4,4,https://apipicashdev.picapdb.co/api/v1/passenger?phone=3185824979&phone=3185824979,98,0,0
1681922303361,98,HTTP Request-0,307,Temporary Redirect,Passenger Search 1-31,,true,,185,382,4,4,http://apipicashdev.picapdb.co/api/v1/passenger?phone=3185824979&phone=3185824979,98,0,0
1681922303459,131,HTTP Request-1,200,OK,Passenger Search 1-31,text,true,,913,382,4,4,https://apipicashdev.picapdb.co/api/v1/passenger?phone=3185824979&phone=3185824979,131,0,0
1681922303201,554,HTTP Request,200,OK,Passenger Search 1-33,text,true,,1098,764,4,4,https://apipicashdev.picapdb.co/api/v1/passenger?phone=3185824979&phone=3185824979,203,0,104
1681922303201,203,HTTP Request-0,307,Temporary Redirect,Passenger Search 1-33,,true,,185,382,4,4,http://apipicashdev.picapdb.co/api/v1/passenger?phone=3185824979&phone=3185824979,203,0,104
1681922303404,351,HTTP Request-1,200,OK,Passenger Search 1-33,text,true,,913,382,4,4,https://apipicashdev.picapdb.co/api/v1/passenger?phone=3185824979&phone=3185824979,351,0,217
1681922303561,229,HTTP Request,200,OK,Passenger Search 1-32,text,true,,1098,764,4,4,https://apipicashdev.picapdb.co/api/v1/passenger?phone=3185824979&phone=3185824979,98,0,0
1681922303561,98,HTTP Request-0,307,Temporary Redirect,Passenger Search 1-32,,true,,185,382,4,4,http://apipicashdev.picapdb.co/api/v1/passenger?phone=3185824979&phone=3185824979,98,0,0
1681922303659,131,HTTP Request-1,200,OK,Passenger Search 1-32,text,true,,913,382,4,4,https://apipicashdev.picapdb.co/api/v1/passenger?phone=3185824979&phone=3185824979,131,0,0
1681922303401,559,HTTP Request,200,OK,Passenger Search 1-34,text,true,,1098,764,4,4,https://apipicashdev.picapdb.co/api/v1/passenger?phone=3185824979&phone=3185824979,207,0,103
1681922303401,207,HTTP Request-0,307,Temporary Redirect,Passenger Search 1-34,,true,,185,382,4,4,http://apipicashdev.picapdb.co/api/v1/passenger?phone=3185824979&phone=3185824979,207,0,103
1681922303609,351,HTTP Request-1,200,OK,Passenger Search 1-34,text,true,,913,382,4,4,https://apipicashdev.picapdb.co/api/v1/passenger?phone=3185824979&phone=3185824979,351,0,214
1681922303755,239,HTTP Request,200,OK,Passenger Search 1-33,text,true,,1098,764,4,4,https://apipicashdev.picapdb.co/api/v1/passenger?phone=3185824979&phone=3185824979,100,0,0
1681922303755,100,HTTP Request-0,307,Temporary Redirect,Passenger Search 1-33,,true,,185,382,4,4,http://apipicashdev.picapdb.co/api/v1/passenger?phone=3185824979&phone=3185824979,100,0,0
1681922303855,139,HTTP Request-1,200,OK,Passenger Search 1-33,text,true,,913,382,4,4,https://apipicashdev.picapdb.co/api/v1/passenger?phone=3185824979&phone=3185824979,139,0,0
1681922303601,560,HTTP Request,200,OK,Passenger Search 1-35,text,true,,1098,764,4,4,https://apipicashdev.picapdb.co/api/v1/passenger?phone=3185824979&phone=3185824979,210,0,104
1681922303601,210,HTTP Request-0,307,Temporary Redirect,Passenger Search 1-35,,true,,185,382,4,4,http://apipicashdev.picapdb.co/api/v1/passenger?phone=3185824979&phone=3185824979,210,0,104
1681922303811,350,HTTP Request-1,200,OK,Passenger Search 1-35,text,true,,913,382,4,4,https://apipicashdev.picapdb.co/api/v1/passenger?phone=3185824979&phone=3185824979,350,0,214
1681922303960,233,HTTP Request,200,OK,Passenger Search 1-34,text,true,,1098,764,4,4,https://apipicashdev.picapdb.co/api/v1/passenger?phone=3185824979&phone=3185824979,99,0,0
1681922303960,99,HTTP Request-0,307,Temporary Redirect,Passenger Search 1-34,,true,,185,382,4,4,http://apipicashdev.picapdb.co/api/v1/passenger?phone=3185824979&phone=3185824979,99,0,0
1681922304059,134,HTTP Request-1,200,OK,Passenger Search 1-34,text,true,,913,382,4,4,https://apipicashdev.picapdb.co/api/v1/passenger?phone=3185824979&phone=3185824979,134,0,0
1681922303801,549,HTTP Request,200,OK,Passenger Search 1-36,text,true,,1098,764,4,4,https://apipicashdev.picapdb.co/api/v1/passenger?phone=3185824979&phone=3185824979,202,0,103
1681922303801,202,HTTP Request-0,307,Temporary Redirect,Passenger Search 1-36,,true,,185,382,4,4,http://apipicashdev.picapdb.co/api/v1/passenger?phone=3185824979&phone=3185824979,202,0,103
1681922304003,347,HTTP Request-1,200,OK,Passenger Search 1-36,text,true,,913,382,4,4,https://apipicashdev.picapdb.co/api/v1/passenger?phone=3185824979&phone=3185824979,347,0,213
1681922304161,230,HTTP Request,200,OK,Passenger Search 1-35,text,true,,1098,764,4,4,https://apipicashdev.picapdb.co/api/v1/passenger?phone=3185824979&phone=3185824979,98,0,0
1681922304161,98,HTTP Request-0,307,Temporary Redirect,Passenger Search 1-35,,true,,185,382,4,4,http://apipicashdev.picapdb.co/api/v1/passenger?phone=3185824979&phone=3185824979,98,0,0
1681922304259,132,HTTP Request-1,200,OK,Passenger Search 1-35,text,true,,913,382,4,4,https://apipicashdev.picapdb.co/api/v1/passenger?phone=3185824979&phone=3185824979,132,0,0
1681922304000,546,HTTP Request,200,OK,Passenger Search 1-37,text,true,,1098,764,4,4,https://apipicashdev.picapdb.co/api/v1/passenger?phone=3185824979&phone=3185824979,202,0,101
1681922304000,202,HTTP Request-0,307,Temporary Redirect,Passenger Search 1-37,,true,,185,382,4,4,http://apipicashdev.picapdb.co/api/v1/passenger?phone=3185824979&phone=3185824979,202,0,101
1681922304202,344,HTTP Request-1,200,OK,Passenger Search 1-37,text,true,,913,382,4,4,https://apipicashdev.picapdb.co/api/v1/passenger?phone=3185824979&phone=3185824979,344,0,206
1681922304351,235,HTTP Request,200,OK,Passenger Search 1-36,text,true,,1098,764,4,4,https://apipicashdev.picapdb.co/api/v1/passenger?phone=3185824979&phone=3185824979,97,0,0
1681922304351,97,HTTP Request-0,307,Temporary Redirect,Passenger Search 1-36,,true,,185,382,4,4,http://apipicashdev.picapdb.co/api/v1/passenger?phone=3185824979&phone=3185824979,97,0,0
1681922304448,138,HTTP Request-1,200,OK,Passenger Search 1-36,text,true,,913,382,4,4,https://apipicashdev.picapdb.co/api/v1/passenger?phone=3185824979&phone=3185824979,138,0,0
1681922304200,546,HTTP Request,200,OK,Passenger Search 1-38,text,true,,1098,764,4,4,https://apipicashdev.picapdb.co/api/v1/passenger?phone=3185824979&phone=3185824979,197,0,93
1681922304200,197,HTTP Request-0,307,Temporary Redirect,Passenger Search 1-38,,true,,185,382,4,4,http://apipicashdev.picapdb.co/api/v1/passenger?phone=3185824979&phone=3185824979,197,0,93
1681922304397,349,HTTP Request-1,200,OK,Passenger Search 1-38,text,true,,913,382,4,4,https://apipicashdev.picapdb.co/api/v1/passenger?phone=3185824979&phone=3185824979,349,0,211
1681922304546,226,HTTP Request,200,OK,Passenger Search 1-37,text,true,,1098,764,4,4,https://apipicashdev.picapdb.co/api/v1/passenger?phone=3185824979&phone=3185824979,93,0,0
1681922304546,93,HTTP Request-0,307,Temporary Redirect,Passenger Search 1-37,,true,,185,382,4,4,http://apipicashdev.picapdb.co/api/v1/passenger?phone=3185824979&phone=3185824979,93,0,0
1681922304639,133,HTTP Request-1,200,OK,Passenger Search 1-37,text,true,,913,382,4,4,https://apipicashdev.picapdb.co/api/v1/passenger?phone=3185824979&phone=3185824979,133,0,0
1681922304400,558,HTTP Request,200,OK,Passenger Search 1-39,text,true,,1098,764,4,4,https://apipicashdev.picapdb.co/api/v1/passenger?phone=3185824979&phone=3185824979,207,0,102
1681922304400,207,HTTP Request-0,307,Temporary Redirect,Passenger Search 1-39,,true,,185,382,4,4,http://apipicashdev.picapdb.co/api/v1/passenger?phone=3185824979&phone=3185824979,207,0,102
1681922304607,351,HTTP Request-1,200,OK,Passenger Search 1-39,text,true,,913,382,4,4,https://apipicashdev.picapdb.co/api/v1/passenger?phone=3185824979&phone=3185824979,351,0,212
1681922304747,237,HTTP Request,200,OK,Passenger Search 1-38,text,true,,1098,764,4,4,https://apipicashdev.picapdb.co/api/v1/passenger?phone=3185824979&phone=3185824979,100,0,0
1681922304747,100,HTTP Request-0,307,Temporary Redirect,Passenger Search 1-38,,true,,185,382,4,4,http://apipicashdev.picapdb.co/api/v1/passenger?phone=3185824979&phone=3185824979,100,0,0
1681922304847,137,HTTP Request-1,200,OK,Passenger Search 1-38,text,true,,913,382,4,4,https://apipicashdev.picapdb.co/api/v1/passenger?phone=3185824979&phone=3185824979,137,0,0
1681922304600,563,HTTP Request,200,OK,Passenger Search 1-40,text,true,,1098,764,4,4,https://apipicashdev.picapdb.co/api/v1/passenger?phone=3185824979&phone=3185824979,201,0,98
1681922304600,201,HTTP Request-0,307,Temporary Redirect,Passenger Search 1-40,,true,,185,382,4,4,http://apipicashdev.picapdb.co/api/v1/passenger?phone=3185824979&phone=3185824979,201,0,98
1681922304802,361,HTTP Request-1,200,OK,Passenger Search 1-40,text,true,,913,382,4,4,https://apipicashdev.picapdb.co/api/v1/passenger?phone=3185824979&phone=3185824979,361,0,218
1681922304958,237,HTTP Request,200,OK,Passenger Search 1-39,text,true,,1098,764,4,4,https://apipicashdev.picapdb.co/api/v1/passenger?phone=3185824979&phone=3185824979,102,0,0
1681922304958,102,HTTP Request-0,307,Temporary Redirect,Passenger Search 1-39,,true,,185,382,4,4,http://apipicashdev.picapdb.co/api/v1/passenger?phone=3185824979&phone=3185824979,102,0,0
1681922305060,135,HTTP Request-1,200,OK,Passenger Search 1-39,text,true,,913,382,4,4,https://apipicashdev.picapdb.co/api/v1/passenger?phone=3185824979&phone=3185824979,135,0,0
1681922304800,576,HTTP Request,200,OK,Passenger Search 1-41,text,true,,1098,764,4,4,https://apipicashdev.picapdb.co/api/v1/passenger?phone=3185824979&phone=3185824979,215,0,109
1681922304800,215,HTTP Request-0,307,Temporary Redirect,Passenger Search 1-41,,true,,185,382,4,4,http://apipicashdev.picapdb.co/api/v1/passenger?phone=3185824979&phone=3185824979,215,0,109
1681922305015,361,HTTP Request-1,200,OK,Passenger Search 1-41,text,true,,913,382,4,4,https://apipicashdev.picapdb.co/api/v1/passenger?phone=3185824979&phone=3185824979,361,0,220
1681922305163,231,HTTP Request,200,OK,Passenger Search 1-40,text,true,,1098,764,4,4,https://apipicashdev.picapdb.co/api/v1/passenger?phone=3185824979&phone=3185824979,97,0,0
1681922305163,97,HTTP Request-0,307,Temporary Redirect,Passenger Search 1-40,,true,,185,382,4,4,http://apipicashdev.picapdb.co/api/v1/passenger?phone=3185824979&phone=3185824979,97,0,0
1681922305260,134,HTTP Request-1,200,OK,Passenger Search 1-40,text,true,,913,382,4,4,https://apipicashdev.picapdb.co/api/v1/passenger?phone=3185824979&phone=3185824979,134,0,0
1681922305002,547,HTTP Request,200,OK,Passenger Search 1-42,text,true,,1098,764,4,4,https://apipicashdev.picapdb.co/api/v1/passenger?phone=3185824979&phone=3185824979,204,0,97
1681922305002,204,HTTP Request-0,307,Temporary Redirect,Passenger Search 1-42,,true,,185,382,4,4,http://apipicashdev.picapdb.co/api/v1/passenger?phone=3185824979&phone=3185824979,204,0,97
1681922305207,342,HTTP Request-1,200,OK,Passenger Search 1-42,text,true,,913,382,4,4,https://apipicashdev.picapdb.co/api/v1/passenger?phone=3185824979&phone=3185824979,342,0,208
1681922305376,236,HTTP Request,200,OK,Passenger Search 1-41,text,true,,1098,764,5,5,https://apipicashdev.picapdb.co/api/v1/passenger?phone=3185824979&phone=3185824979,98,0,0
1681922305376,98,HTTP Request-0,307,Temporary Redirect,Passenger Search 1-41,,true,,185,382,5,5,http://apipicashdev.picapdb.co/api/v1/passenger?phone=3185824979&phone=3185824979,98,0,0
1681922305474,138,HTTP Request-1,200,OK,Passenger Search 1-41,text,true,,913,382,5,5,https://apipicashdev.picapdb.co/api/v1/passenger?phone=3185824979&phone=3185824979,138,0,0
1681922305201,543,HTTP Request,200,OK,Passenger Search 1-43,text,true,,1098,764,4,4,https://apipicashdev.picapdb.co/api/v1/passenger?phone=3185824979&phone=3185824979,204,0,100
1681922305201,204,HTTP Request-0,307,Temporary Redirect,Passenger Search 1-43,,true,,185,382,4,4,http://apipicashdev.picapdb.co/api/v1/passenger?phone=3185824979&phone=3185824979,204,0,100
1681922305406,338,HTTP Request-1,200,OK,Passenger Search 1-43,text,true,,913,382,4,4,https://apipicashdev.picapdb.co/api/v1/passenger?phone=3185824979&phone=3185824979,338,0,204
1681922305549,231,HTTP Request,200,OK,Passenger Search 1-42,text,true,,1098,764,4,4,https://apipicashdev.picapdb.co/api/v1/passenger?phone=3185824979&phone=3185824979,97,0,0
1681922305549,97,HTTP Request-0,307,Temporary Redirect,Passenger Search 1-42,,true,,185,382,4,4,http://apipicashdev.picapdb.co/api/v1/passenger?phone=3185824979&phone=3185824979,97,0,0
1681922305646,134,HTTP Request-1,200,OK,Passenger Search 1-42,text,true,,913,382,4,4,https://apipicashdev.picapdb.co/api/v1/passenger?phone=3185824979&phone=3185824979,134,0,0
1681922305401,554,HTTP Request,200,OK,Passenger Search 1-44,text,true,,1098,764,4,4,https://apipicashdev.picapdb.co/api/v1/passenger?phone=3185824979&phone=3185824979,200,0,100
1681922305401,200,HTTP Request-0,307,Temporary Redirect,Passenger Search 1-44,,true,,185,382,4,4,http://apipicashdev.picapdb.co/api/v1/passenger?phone=3185824979&phone=3185824979,200,0,100
1681922305601,354,HTTP Request-1,200,OK,Passenger Search 1-44,text,true,,913,382,4,4,https://apipicashdev.picapdb.co/api/v1/passenger?phone=3185824979&phone=3185824979,354,0,218
1681922305744,235,HTTP Request,200,OK,Passenger Search 1-43,text,true,,1098,764,4,4,https://apipicashdev.picapdb.co/api/v1/passenger?phone=3185824979&phone=3185824979,99,0,0
1681922305744,99,HTTP Request-0,307,Temporary Redirect,Passenger Search 1-43,,true,,185,382,4,4,http://apipicashdev.picapdb.co/api/v1/passenger?phone=3185824979&phone=3185824979,99,0,0
1681922305843,136,HTTP Request-1,200,OK,Passenger Search 1-43,text,true,,913,382,4,4,https://apipicashdev.picapdb.co/api/v1/passenger?phone=3185824979&phone=3185824979,136,0,0
1681922305601,559,HTTP Request,200,OK,Passenger Search 1-45,text,true,,1098,764,4,4,https://apipicashdev.picapdb.co/api/v1/passenger?phone=3185824979&phone=3185824979,205,0,100
1681922305601,205,HTTP Request-0,307,Temporary Redirect,Passenger Search 1-45,,true,,185,382,4,4,http://apipicashdev.picapdb.co/api/v1/passenger?phone=3185824979&phone=3185824979,205,0,100
1681922305806,354,HTTP Request-1,200,OK,Passenger Search 1-45,text,true,,913,382,4,4,https://apipicashdev.picapdb.co/api/v1/passenger?phone=3185824979&phone=3185824979,354,0,214
1681922305956,237,HTTP Request,200,OK,Passenger Search 1-44,text,true,,1098,764,4,4,https://apipicashdev.picapdb.co/api/v1/passenger?phone=3185824979&phone=3185824979,99,0,0
1681922305956,99,HTTP Request-0,307,Temporary Redirect,Passenger Search 1-44,,true,,185,382,4,4,http://apipicashdev.picapdb.co/api/v1/passenger?phone=3185824979&phone=3185824979,99,0,0
1681922306055,138,HTTP Request-1,200,OK,Passenger Search 1-44,text,true,,913,382,4,4,https://apipicashdev.picapdb.co/api/v1/passenger?phone=3185824979&phone=3185824979,138,0,0
1681922305801,562,HTTP Request,200,OK,Passenger Search 1-46,text,true,,1098,764,4,4,https://apipicashdev.picapdb.co/api/v1/passenger?phone=3185824979&phone=3185824979,206,0,101
1681922305801,206,HTTP Request-0,307,Temporary Redirect,Passenger Search 1-46,,true,,185,382,4,4,http://apipicashdev.picapdb.co/api/v1/passenger?phone=3185824979&phone=3185824979,206,0,101
1681922306007,356,HTTP Request-1,200,OK,Passenger Search 1-46,text,true,,913,382,4,4,https://apipicashdev.picapdb.co/api/v1/passenger?phone=3185824979&phone=3185824979,356,0,214
1681922306161,244,HTTP Request,200,OK,Passenger Search 1-45,text,true,,1098,764,5,5,https://apipicashdev.picapdb.co/api/v1/passenger?phone=3185824979&phone=3185824979,104,0,0
1681922306161,104,HTTP Request-0,307,Temporary Redirect,Passenger Search 1-45,,true,,185,382,5,5,http://apipicashdev.picapdb.co/api/v1/passenger?phone=3185824979&phone=3185824979,104,0,0
1681922306265,140,HTTP Request-1,200,OK,Passenger Search 1-45,text,true,,913,382,5,5,https://apipicashdev.picapdb.co/api/v1/passenger?phone=3185824979&phone=3185824979,140,0,0
1681922306001,548,HTTP Request,200,OK,Passenger Search 1-47,text,true,,1098,764,4,4,https://apipicashdev.picapdb.co/api/v1/passenger?phone=3185824979&phone=3185824979,205,0,100
1681922306001,205,HTTP Request-0,307,Temporary Redirect,Passenger Search 1-47,,true,,185,382,4,4,http://apipicashdev.picapdb.co/api/v1/passenger?phone=3185824979&phone=3185824979,205,0,100
1681922306206,343,HTTP Request-1,200,OK,Passenger Search 1-47,text,true,,913,382,4,4,https://apipicashdev.picapdb.co/api/v1/passenger?phone=3185824979&phone=3185824979,343,0,206
1681922306363,246,HTTP Request,200,OK,Passenger Search 1-46,text,true,,1098,764,5,5,https://apipicashdev.picapdb.co/api/v1/passenger?phone=3185824979&phone=3185824979,108,0,0
1681922306363,108,HTTP Request-0,307,Temporary Redirect,Passenger Search 1-46,,true,,185,382,5,5,http://apipicashdev.picapdb.co/api/v1/passenger?phone=3185824979&phone=3185824979,108,0,0
1681922306471,138,HTTP Request-1,200,OK,Passenger Search 1-46,text,true,,913,382,5,5,https://apipicashdev.picapdb.co/api/v1/passenger?phone=3185824979&phone=3185824979,138,0,0
1681922306200,557,HTTP Request,200,OK,Passenger Search 1-48,text,true,,1098,764,4,4,https://apipicashdev.picapdb.co/api/v1/passenger?phone=3185824979&phone=3185824979,208,0,102
1681922306200,208,HTTP Request-0,307,Temporary Redirect,Passenger Search 1-48,,true,,185,382,4,4,http://apipicashdev.picapdb.co/api/v1/passenger?phone=3185824979&phone=3185824979,208,0,102
1681922306408,349,HTTP Request-1,200,OK,Passenger Search 1-48,text,true,,913,382,4,4,https://apipicashdev.picapdb.co/api/v1/passenger?phone=3185824979&phone=3185824979,349,0,212
1681922306549,234,HTTP Request,200,OK,Passenger Search 1-47,text,true,,1098,764,4,4,https://apipicashdev.picapdb.co/api/v1/passenger?phone=3185824979&phone=3185824979,98,0,0
1681922306549,98,HTTP Request-0,307,Temporary Redirect,Passenger Search 1-47,,true,,185,382,4,4,http://apipicashdev.picapdb.co/api/v1/passenger?phone=3185824979&phone=3185824979,98,0,0
1681922306647,136,HTTP Request-1,200,OK,Passenger Search 1-47,text,true,,913,382,4,4,https://apipicashdev.picapdb.co/api/v1/passenger?phone=3185824979&phone=3185824979,136,0,0
1681922306400,554,HTTP Request,200,OK,Passenger Search 1-49,text,true,,1098,764,3,3,https://apipicashdev.picapdb.co/api/v1/passenger?phone=3185824979&phone=3185824979,202,0,99
1681922306400,202,HTTP Request-0,307,Temporary Redirect,Passenger Search 1-49,,true,,185,382,3,3,http://apipicashdev.picapdb.co/api/v1/passenger?phone=3185824979&phone=3185824979,202,0,99
1681922306603,351,HTTP Request-1,200,OK,Passenger Search 1-49,text,true,,913,382,3,3,https://apipicashdev.picapdb.co/api/v1/passenger?phone=3185824979&phone=3185824979,351,0,213
1681922306757,234,HTTP Request,200,OK,Passenger Search 1-48,text,true,,1098,764,3,3,https://apipicashdev.picapdb.co/api/v1/passenger?phone=3185824979&phone=3185824979,98,0,0
1681922306757,98,HTTP Request-0,307,Temporary Redirect,Passenger Search 1-48,,true,,185,382,3,3,http://apipicashdev.picapdb.co/api/v1/passenger?phone=3185824979&phone=3185824979,98,0,0
1681922306855,136,HTTP Request-1,200,OK,Passenger Search 1-48,text,true,,913,382,3,3,https://apipicashdev.picapdb.co/api/v1/passenger?phone=3185824979&phone=3185824979,136,0,0
1681922306600,545,HTTP Request,200,OK,Passenger Search 1-50,text,true,,1098,764,2,2,https://apipicashdev.picapdb.co/api/v1/passenger?phone=3185824979&phone=3185824979,198,0,99
1681922306600,198,HTTP Request-0,307,Temporary Redirect,Passenger Search 1-50,,true,,185,382,2,2,http://apipicashdev.picapdb.co/api/v1/passenger?phone=3185824979&phone=3185824979,198,0,99
1681922306799,346,HTTP Request-1,200,OK,Passenger Search 1-50,text,true,,913,382,2,2,https://apipicashdev.picapdb.co/api/v1/passenger?phone=3185824979&phone=3185824979,346,0,212
1681922306954,234,HTTP Request,200,OK,Passenger Search 1-49,text,true,,1098,764,2,2,https://apipicashdev.picapdb.co/api/v1/passenger?phone=3185824979&phone=3185824979,97,0,0
1681922306954,97,HTTP Request-0,307,Temporary Redirect,Passenger Search 1-49,,true,,185,382,2,2,http://apipicashdev.picapdb.co/api/v1/passenger?phone=3185824979&phone=3185824979,97,0,0
1681922307051,137,HTTP Request-1,200,OK,Passenger Search 1-49,text,true,,913,382,2,2,https://apipicashdev.picapdb.co/api/v1/passenger?phone=3185824979&phone=3185824979,137,0,0
1681922307145,236,HTTP Request,200,OK,Passenger Search 1-50,text,true,,1098,764,1,1,https://apipicashdev.picapdb.co/api/v1/passenger?phone=3185824979&phone=3185824979,98,0,0
1681922307145,98,HTTP Request-0,307,Temporary Redirect,Passenger Search 1-50,,true,,185,382,1,1,http://apipicashdev.picapdb.co/api/v1/passenger?phone=3185824979&phone=3185824979,98,0,0
1681922307243,138,HTTP Request-1,200,OK,Passenger Search 1-50,text,true,,913,382,1,1,https://apipicashdev.picapdb.co/api/v1/passenger?phone=3185824979&phone=3185824979,138,0,0
